supplier,buyer,verdict,evidence_url,evidence_date,note,edge_note
Bona Coffee Roasters,River and Woods,new-link,https://www.riverandwoodsboulder.com/menu,current,on the menu's purveyor list or named on a dish,
Kinship Bread,River and Woods,new-link,https://www.riverandwoodsboulder.com/menu,current,on the menu's purveyor list or named on a dish,
Rev Kombucha,River and Woods,new-link,https://www.riverandwoodsboulder.com/menu,current,on the menu's purveyor list or named on a dish,
Gelato Boy,River and Woods,new-link,https://www.riverandwoodsboulder.com/menu,current,on the menu's purveyor list or named on a dish,
Callicrate Ranch,River and Woods,new-link,https://www.riverandwoodsboulder.com/menu,current,on the menu's purveyor list or named on a dish,
Riverbend Ranch,River and Woods,new-link,https://www.riverandwoodsboulder.com/menu,current,on the menu's purveyor list or named on a dish,
MouCo Cheese,River and Woods,new-link,https://www.riverandwoodsboulder.com/menu,current,on the menu's purveyor list or named on a dish,
Spirit Hound,River and Woods,new-link,https://www.riverandwoodsboulder.com/menu,current,on the menu's purveyor list or named on a dish,
Moxie Bread Co.,River and Woods,new-link,https://www.riverandwoodsboulder.com/menu,current,menu lists "Moxie Mill" (Moxie's stone mill),flour
Croft Family Farm,River and Woods,confirmed,https://www.riverandwoodsboulder.com/menu,current,menu lists "Croft Farm Eggs",
