supplier,buyer,date,confidence,source,note,status
Esoterra Culinary Garden,Rootstalk,unknown,high,https://www.rootstalkbreck.com/culinary-beverage,,
Brunson Meat Co.,Rootstalk,unknown,high,https://www.rootstalkbreck.com/culinary-beverage,,
Fitch Ranch,Rootstalk,unknown,high,https://www.rootstalkbreck.com/culinary-beverage,,
Ela Family Farms,Rootstalk,unknown,high,https://www.rootstalkbreck.com/culinary-beverage,,
Jones Farms Organics,Rootstalk,unknown,high,https://www.rootstalkbreck.com/culinary-beverage,,
Björn's Colorado Honey,Rootstalk,unknown,high,https://www.rootstalkbreck.com/culinary-beverage,,
Altamira Foods,Rootstalk,unknown,high,https://www.rootstalkbreck.com/culinary-beverage,,
Italco Foods,Rootstalk,unknown,high,https://www.rootstalkbreck.com/culinary-beverage,,
Morton's Organic Orchards,Rootstalk,unknown,high,https://www.rootstalkbreck.com/culinary-beverage,,
Blaine's Tomatoes,Rootstalk,unknown,high,https://www.rootstalkbreck.com/culinary-beverage,,
Okagawa Farms,Rootstalk,unknown,high,https://www.rootstalkbreck.com/culinary-beverage,,
Bee Squared Apiaries,Rootstalk,2026,high,https://www.rootstalkbreck.com/culinary-beverage,,
Cheese Importers,Rootstalk,unknown,high,https://www.rootstalkbreck.com/culinary-beverage,,
Dry Storage,Rootstalk,unknown,high,https://www.rootstalkbreck.com/culinary-beverage,,
Anita's Pantry & Produce,Rootstalk,unknown,high,https://www.rootstalkbreck.com/culinary-beverage,,
McLean Farms,Rootstalk,unknown,high,https://www.rootstalkbreck.com/culinary-beverage,,
Uncle John's Farm Stand,Rootstalk,unknown,high,https://www.rootstalkbreck.com/culinary-beverage,,
Sweet Action Ice Cream,Rootstalk,unknown,high,https://www.rootstalkbreck.com/culinary-beverage,,
Huckleberry Roasters,Rootstalk,unknown,high,https://www.rootstalkbreck.com/culinary-beverage,,
English Farms,Rootstalk,unknown,high,https://www.rootstalkbreck.com/culinary-beverage,,
Haykin Family Cider,Rootstalk,unknown,high,https://www.rootstalkbreck.com/culinary-beverage,,
Outer Range Brewing,Rootstalk,unknown,high,https://www.rootstalkbreck.com/culinary-beverage,,
Lumpy Ridge Brewing,Rootstalk,unknown,high,https://www.rootstalkbreck.com/culinary-beverage,,
Breckenridge Distillery,Rootstalk,unknown,high,https://www.rootstalkbreck.com/culinary-beverage,,
Leopold Bros.,Rootstalk,unknown,high,https://www.rootstalkbreck.com/culinary-beverage,,
Laws Whiskey House,Rootstalk,unknown,high,https://www.rootstalkbreck.com/culinary-beverage,,
Woody Creek Distillers,Rootstalk,unknown,high,https://www.rootstalkbreck.com/culinary-beverage,,
Peach Street Distillers,Rootstalk,unknown,high,https://www.rootstalkbreck.com/culinary-beverage,,
Ela Family Farms,Whole Foods Market,2026,high,https://elafamilyfarms.com/find-our-fruit/our-retailers/,,
Ela Family Farms,Natural Grocers,2026,high,https://elafamilyfarms.com/find-our-fruit/our-retailers/,,
Ela Family Farms,Marczyk Fine Foods,2026,high,https://elafamilyfarms.com/find-our-fruit/our-retailers/,,
Ela Family Farms,Spinelli's Market,2026,high,https://elafamilyfarms.com/find-our-fruit/our-retailers/,,
Ela Family Farms,Fort Collins Food Co-op,2026,high,https://elafamilyfarms.com/find-our-fruit/our-retailers/,,
Ela Family Farms,Lucky's Market,2026,high,https://elafamilyfarms.com/find-our-fruit/our-retailers/,,
Ela Family Farms,Alfalfa's,2026,high,https://elafamilyfarms.com/find-our-fruit/our-retailers/,,
Ela Family Farms,Niwot Market,2026,high,https://elafamilyfarms.com/find-our-fruit/our-retailers/,,
Ela Family Farms,Big B's,2026,high,https://elafamilyfarms.com/find-our-fruit/our-retailers/,,
Ela Family Farms,Loco Food Distribution,2026,high,https://elafamilyfarms.com/find-our-fruit/our-distributors/,,
Ela Family Farms,UNFI,2026,high,https://elafamilyfarms.com/find-our-fruit/our-distributors/,,
Ela Family Farms,Farm Runners,2026,high,https://elafamilyfarms.com/find-our-fruit/our-distributors/,,
Ela Family Farms,Growers Organic,2026,high,https://elafamilyfarms.com/find-our-fruit/our-distributors/,,
Ela Family Farms,The Fresh Food Movement,2026,high,https://elafamilyfarms.com/find-our-fruit/our-distributors/,,
Ela Family Farms,Boulder County Farmers Markets,2026,high,https://elafamilyfarms.com/find-our-fruit/farmers-markets/,,
Ela Family Farms,Fort Collins Farmers Market,2026,high,https://elafamilyfarms.com/find-our-fruit/farmers-markets/,,
Ela Family Farms,Old South Pearl St Farmers Market,2026,high,https://elafamilyfarms.com/find-our-fruit/farmers-markets/,,
Ela Family Farms,City Park Farmers Market,2026,high,https://elafamilyfarms.com/find-our-fruit/farmers-markets/,,
Ela Family Farms,Harvey Park Farmers Market,2026,high,https://elafamilyfarms.com/find-our-fruit/farmers-markets/,,
Ela Family Farms,Haykin Family Cider,2026,high,https://www.haykinfamilycider.com/meet-our-orchardists,,
Ela Family Farms,Potager,unknown,high,http://www.potagerrestaurant.com/Farms.html,,
Ela Family Farms,Element 47,unknown,high,https://www.thelittlenell.com/dine/element-47/purveyors,,
Ela Family Farms,Soupçon,2026,high,https://coloradosun.com/2026/09/08/farm-to-table-restaurant-chefs-menus-western-slope-colorado/,,
Morton's Organic Orchards,Boulder County Farmers Markets,2026,high,https://www.mortonsorganicorchards.com/find-us,,
Morton's Organic Orchards,Erie Farmers Market,2026,high,https://www.mortonsorganicorchards.com/find-us,,
Morton's Organic Orchards,Louisville Farmers Market,2026,high,https://www.mortonsorganicorchards.com/find-us,,
Morton's Organic Orchards,Highlands Square Farmers Market,2026,high,https://www.mortonsorganicorchards.com/find-us,,
Morton's Organic Orchards,Fort Collins Farmers Market,2026,high,https://www.mortonsorganicorchards.com/find-us,,
Morton's Organic Orchards,Lafayette Peach Festival,2026,high,https://www.mortonsorganicorchards.com/find-us,,
Morton's Organic Orchards,Growers Organic,unknown,medium,https://www.urbanfarmersteakhouse.com/sourcing-and-sustainability/,via Urban Farmer sourcing page,
Morton's Organic Orchards,Potager,unknown,high,http://www.potagerrestaurant.com/Farms.html,,
Blaine's Tomatoes,Cafe Sol,2019,medium,https://downtowngj.org/downtown-restaurants-share-co-dependent-relationship-with-local-farms/,,unconfirmed
Blaine's Tomatoes,Bin 707 Foodbar,2014,medium,https://www.postindependent.com/explore-summit/entertainment/food-scene-eat-local-with-bin-707-foodbar-in-grand-junction-colorado/,,unconfirmed
Blaine's Tomatoes,il Bistro Italiano,unknown,low,https://www.gjhomes.com/blog/4276/farm-to-table-flavors-in-grand-junction,,
Bee Squared Apiaries,Blackbelly,2026,high,https://bethsbees.com/local-sources-of-bee-squared-products/,,
Bee Squared Apiaries,St. Kilian's Cheese Shop,2026,high,https://bethsbees.com/local-sources-of-bee-squared-products/,,
Bee Squared Apiaries,Wooden Spoon Cafe,2026,high,https://bethsbees.com/local-sources-of-bee-squared-products/,,
Bee Squared Apiaries,Ruby's Market,2026,high,https://bethsbees.com/local-sources-of-bee-squared-products/,,
Bee Squared Apiaries,Laws Whiskey House,2026,high,https://bethsbees.com/local-sources-of-bee-squared-products/,,
Bee Squared Apiaries,James Ranch Market & Grill,2026,high,https://bethsbees.com/local-sources-of-bee-squared-products/,,
Bee Squared Apiaries,Bread & Butter Neighborhood Market,2026,high,https://bethsbees.com/local-sources-of-bee-squared-products/,,
Bee Squared Apiaries,Cheese Importers,2026,high,https://bethsbees.com/local-sources-of-bee-squared-products/,,
Bee Squared Apiaries,Hays Market,2026,high,https://bethsbees.com/local-sources-of-bee-squared-products/,,
Bee Squared Apiaries,Murdoch's,2026,high,https://bethsbees.com/local-sources-of-bee-squared-products/,,
Bee Squared Apiaries,Heinie's Market,2026,high,https://bethsbees.com/local-sources-of-bee-squared-products/,,
Bee Squared Apiaries,Littleton Meats,2026,high,https://bethsbees.com/local-sources-of-bee-squared-products/,,
Bee Squared Apiaries,St. Vrain Market,2026,high,https://bethsbees.com/local-sources-of-bee-squared-products/,,
Bee Squared Apiaries,Cheese Ranch,2026,high,https://bethsbees.com/local-sources-of-bee-squared-products/,,
Bee Squared Apiaries,Gaylord Rockies Hotel,2026,high,https://bethsbees.com/local-sources-of-bee-squared-products/,,
Fitch Ranch,FR Bar & Steakhouse,2022,medium,https://www.skyhinews.com/news/fitch-ranch-meats-and-market-sells-choice-cuts-cooked-or-cold/,family-owned,
Fitch Ranch,Debbie's Drive-In,2022,medium,https://www.skyhinews.com/news/fitch-ranch-meats-and-market-sells-choice-cuts-cooked-or-cold/,family-owned,
Okagawa Farms,Aspen Saturday Market,2025,high,https://thebusinesstimes.com/owners-put-okagawa-farms-on-the-market/,,
Okagawa Farms,Cafe Sol,2016,low,https://www.gjhomes.com/blog/4276/farm-to-table-flavors-in-grand-junction,,unconfirmed
Björn's Colorado Honey,Boulder County Farmers Markets,2025,high,https://bcfm.org/the-sweet-story-of-bjorns-colorado-honey/,,
Björn's Colorado Honey,Suarez Wines & Market,unknown,high,https://suarezwines.com/products/bjorn-honey,,
Jones Farms Organics,Boulder County Farmers Markets,2025,high,https://shop.bcfm.org/,online shop,
Jones Farms Organics,The Ruby Rose Cafe,unknown,high,https://www.therubyrosebk.com/,,
Jones Farms Organics,Whole Foods Market,2024,medium,https://madagriculture.org/journal/meet-sarah-jones-of-jones-farms-organics,,
Jones Farms Organics,Dry Land Distillers,2024,medium,https://www.drylanddistillers.com/products/100-r-o-c-certified-straight-malted-rye-whiskey-preorder,,
Jones Farms Organics,Dry Storage,2025,high,https://diningout.com/denver/spotlighting-local-grains-and-colorados-unique-terrior/,,
Esoterra Culinary Garden,Margot,2026,high,https://edibledenver.com/eat/of-the-earth-growing-treasure/,,
Esoterra Culinary Garden,The Wolf's Tailor,2026,high,https://edibledenver.com/eat/of-the-earth-growing-treasure/,,
Esoterra Culinary Garden,Tavernetta,2026,high,https://edibledenver.com/eat/of-the-earth-growing-treasure/,,
Esoterra Culinary Garden,Potager,2026,high,https://edibledenver.com/eat/of-the-earth-growing-treasure/,,
Esoterra Culinary Garden,BRUTØ,2024,medium,https://www.westword.com/food-drink/esoterra-culinary-garden-makes-denver-restaurants-more-delicious-22200955/,,
Esoterra Culinary Garden,Frasca Food and Wine,2024,medium,https://www.westword.com/food-drink/esoterra-culinary-garden-makes-denver-restaurants-more-delicious-22200955/,,
Esoterra Culinary Garden,Hop Alley,2024,medium,https://www.westword.com/food-drink/esoterra-culinary-garden-makes-denver-restaurants-more-delicious-22200955/,,
Esoterra Culinary Garden,Stellar Jay,2024,medium,https://www.westword.com/food-drink/esoterra-culinary-garden-makes-denver-restaurants-more-delicious-22200955/,,
Esoterra Culinary Garden,Pasque,2024,medium,https://www.westword.com/food-drink/esoterra-culinary-garden-makes-denver-restaurants-more-delicious-22200955/,,
Esoterra Culinary Garden,Bar Dough,2024,medium,https://www.westword.com/food-drink/esoterra-culinary-garden-makes-denver-restaurants-more-delicious-22200955/,,
Esoterra Culinary Garden,Blackbelly,2026,medium,https://www.exploretock.com/blackbellymarket/event/593021/blackbelly-presents-an-evening-with-esoterra-culinary-garden,,
Esoterra Culinary Garden,River and Woods,2026,high,https://www.riverandwoodsboulder.com/menu,,
Brunson Meat Co.,Urban Farmer,2026,high,https://www.urbanfarmersteakhouse.com/denver-menus/,,
Brunson Meat Co.,King Soopers / City Market,2024,high,https://brunsonmeats.com/blogs/in-the-news/brunson-meat-co-brings-chef-crafted-locally-sourced-bacon-to-king-soopers-and-city-market-stores-across-the-front-range,,
Brunson Meat Co.,Marczyk Fine Foods,2024,high,https://brunsonmeats.com/blogs/in-the-news/brunson-meat-co-brings-chef-crafted-locally-sourced-bacon-to-king-soopers-and-city-market-stores-across-the-front-range,,
Brunson Meat Co.,Leever's Locavore,2024,high,https://brunsonmeats.com/blogs/in-the-news/brunson-meat-co-brings-chef-crafted-locally-sourced-bacon-to-king-soopers-and-city-market-stores-across-the-front-range,,
Brunson Meat Co.,Tony's Market,2024,high,https://brunsonmeats.com/blogs/in-the-news/brunson-meat-co-brings-chef-crafted-locally-sourced-bacon-to-king-soopers-and-city-market-stores-across-the-front-range,,
Brunson Meat Co.,Lucky's Market,2024,medium,https://brunsonmeats.com/blogs/in-the-news/brunson-meat-co-brings-chef-crafted-locally-sourced-bacon-to-king-soopers-and-city-market-stores-across-the-front-range,,
Brunson Meat Co.,Heinie's Market,2024,high,https://brunsonmeats.com/blogs/in-the-news/brunson-meat-co-brings-chef-crafted-locally-sourced-bacon-to-king-soopers-and-city-market-stores-across-the-front-range,,
Brunson Meat Co.,Coperta,2024,high,https://brunsonmeats.com/blogs/in-the-news/brunson-meat-co-brings-chef-crafted-locally-sourced-bacon-to-king-soopers-and-city-market-stores-across-the-front-range,,
Brunson Meat Co.,Mercantile Dining & Provision,2026,high,https://www.mercantiledenver.com/menus,,
Brunson Meat Co.,New Belgium Brewing,2024,medium,https://brunsonmeats.com/blogs/in-the-news/brunson-meat-co-brings-chef-crafted-locally-sourced-bacon-to-king-soopers-and-city-market-stores-across-the-front-range,,
Brunson Meat Co.,Four Seasons Denver,2024,medium,https://brunsonmeats.com/blogs/in-the-news/brunson-meat-co-brings-chef-crafted-locally-sourced-bacon-to-king-soopers-and-city-market-stores-across-the-front-range,,
Brunson Meat Co.,Kitchen Next Door,2024,medium,https://brunsonmeats.com/blogs/in-the-news/brunson-meat-co-brings-chef-crafted-locally-sourced-bacon-to-king-soopers-and-city-market-stores-across-the-front-range,,
Brunson Meat Co.,24 Carrot Bistro,2024,medium,https://brunsonmeats.com/blogs/in-the-news/brunson-meat-co-brings-chef-crafted-locally-sourced-bacon-to-king-soopers-and-city-market-stores-across-the-front-range,,
Brunson Meat Co.,River and Woods,2026,high,https://www.riverandwoodsboulder.com/menu,,
Seaboard Farms,Brunson Meat Co.,2024,high,https://brunsonmeats.com/blogs/in-the-news/brunson-meat-co-brings-chef-crafted-locally-sourced-bacon-to-king-soopers-and-city-market-stores-across-the-front-range,,
Il Porcellino Salumi,Italco Foods,2026,high,https://italco.com/product-category/colorado-products/,,
MouCo Cheese,Italco Foods,2026,medium,https://italco.com/product-category/colorado-products/,,
Pappardelle's Pasta,Italco Foods,2026,medium,https://italco.com/product-category/colorado-products/,,
Clyde's Sausage,Italco Foods,2026,medium,https://italco.com/product-category/colorado-products/,,
Twin Peaks Creamery,Italco Foods,2026,medium,https://italco.com/product-category/colorado-products/,,
Clark's Honey,Italco Foods,2026,medium,https://italco.com/product-category/colorado-products/,,
Cheatin' Wheat,Italco Foods,2026,medium,https://italco.com/product-category/colorado-products/,,
Cheese Importers,Spade & Spoon,2024,high,https://travelboulder.com/longmonts-cheese-importers-is-a-local-treasure/,,
Colorado Farmhouse Cheese,Cheese Importers,2024,high,https://travelboulder.com/longmonts-cheese-importers-is-a-local-treasure/,,
Moon Hill Dairy,Cheese Importers,2024,high,https://travelboulder.com/longmonts-cheese-importers-is-a-local-treasure/,,
James Ranch,Cheese Importers,2024,high,https://travelboulder.com/longmonts-cheese-importers-is-a-local-treasure/,,
Full Stop Bakery,Cheese Importers,2024,medium,https://travelboulder.com/longmonts-cheese-importers-is-a-local-treasure/,,
Haystack Mountain Creamery,Cheese Importers,2021,medium,https://travelboulder.com/longmonts-cheese-importers-is-a-local-treasure/,,
Dry Storage,Odell's Bagel,2025,high,https://diningout.com/denver/spotlighting-local-grains-and-colorados-unique-terrior/,,
Dry Storage,Rebel Bread,2026,high,https://coloradosun.com/2026/10/01/local-grain-flour-bakeries-colorado-bake-fest/,,
Dry Storage,The Wolf's Tailor,unknown,medium,https://madagriculture.org/resources/featured-buyers,same owner,
Dry Storage,BRUTØ,unknown,medium,https://madagriculture.org/resources/featured-buyers,same owner,
Dry Storage,Basta,unknown,medium,https://madagriculture.org/resources/featured-buyers,same owner,
Dry Storage,What Chefs Want,unknown,medium,https://madagriculture.org/resources/featured-buyers,,
Dry Storage,River and Woods,2026,high,https://www.riverandwoodsboulder.com/menu,,
Golden Prairie,Dry Storage,2025,high,https://diningout.com/denver/spotlighting-local-grains-and-colorados-unique-terrior/,,
Rocky Draw Farm,Dry Storage,unknown,medium,https://madagriculture.org/resources/featured-buyers,,
Sweet Action Ice Cream,Whole Foods Market,2026,high,https://sweetaction.com/,,
Sweet Action Ice Cream,Natural Grocers,2026,high,https://sweetaction.com/,,
Sweet Action Ice Cream,Marczyk Fine Foods,unknown,medium,https://sweetaction.com/,,
Stranahan's,Sweet Action Ice Cream,2026,medium,https://sweetaction.com/,,
Masonville Orchards,Haykin Family Cider,2026,high,https://www.haykinfamilycider.com/meet-our-orchardists,,
Three Trees Orchard,Haykin Family Cider,2026,high,https://www.haykinfamilycider.com/meet-our-orchardists,,
Haykin Family Cider,Urban Farmer,2026,high,https://www.urbanfarmersteakhouse.com/denver-menus/,,
Haykin Family Cider,The Proper Pour,unknown,medium,https://www.westword.com/restaurants/haykin-family-cider-heirloom-apples-13398891,,
Haykin Family Cider,Pearl Wine Company,unknown,medium,https://www.westword.com/restaurants/haykin-family-cider-heirloom-apples-13398891,,
Haykin Family Cider,Joy Wine & Spirits,unknown,medium,https://www.westword.com/restaurants/haykin-family-cider-heirloom-apples-13398891,,
Fuller Orchards,Peach Street Distillers,unknown,medium,https://www.9news.com/article/life/food/from-tree-to-the-bottle-palisade-distillery-puts-whole-pears-in-brandy-bottles/73-317172962,,
Peach Street Distillers,Argonaut Wine & Liquor,2026,medium,https://www.argonautliquor.com/products/10861239/peach-street-distillers-peach-brandy,,
Uncle John's Farm Stand,The Hearthstone,2022,medium,https://mtntownmagazine.com/colorado-produce-delivered-farm-fresh-to-the-mountains-by-passionate-entrepreneurs/,,
Uncle John's Farm Stand,Modis,2022,medium,https://mtntownmagazine.com/colorado-produce-delivered-farm-fresh-to-the-mountains-by-passionate-entrepreneurs/,,
Uncle John's Farm Stand,Aurum Breckenridge,2022,medium,https://mtntownmagazine.com/colorado-produce-delivered-farm-fresh-to-the-mountains-by-passionate-entrepreneurs/,,
Uncle John's Farm Stand,Carboy Winery,2022,medium,https://mtntownmagazine.com/colorado-produce-delivered-farm-fresh-to-the-mountains-by-passionate-entrepreneurs/,,
Uncle John's Farm Stand,Twist,2022,medium,https://mtntownmagazine.com/colorado-produce-delivered-farm-fresh-to-the-mountains-by-passionate-entrepreneurs/,,
Uncle John's Farm Stand,Vinny's,2022,medium,https://mtntownmagazine.com/colorado-produce-delivered-farm-fresh-to-the-mountains-by-passionate-entrepreneurs/,,
Uncle John's Farm Stand,Breckenridge Brewery,2022,low,https://mtntownmagazine.com/colorado-produce-delivered-farm-fresh-to-the-mountains-by-passionate-entrepreneurs/,,
Uncle John's Farm Stand,Hacienda Real,2010,low,https://www.summitdaily.com/news/who-we-are-turning-a-love-of-the-land-into-a-livelihood/,,unconfirmed
Growers Organic,Urban Farmer,unknown,high,https://www.urbanfarmersteakhouse.com/sourcing-and-sustainability/,,
Hazel Dell Mushrooms,Growers Organic,unknown,medium,https://www.urbanfarmersteakhouse.com/sourcing-and-sustainability/,,
Rebel Farm,Urban Farmer,unknown,high,https://www.urbanfarmersteakhouse.com/sourcing-and-sustainability/,,
Boulder Lamb,Urban Farmer,unknown,high,https://www.urbanfarmersteakhouse.com/sourcing-and-sustainability/,,
Rock River Ranch,Urban Farmer,unknown,high,https://www.urbanfarmersteakhouse.com/sourcing-and-sustainability/,,
Cure Organic Farm,Urban Farmer,unknown,high,https://www.urbanfarmersteakhouse.com/sourcing-and-sustainability/,,
7X Ranch,Urban Farmer,unknown,high,https://www.urbanfarmersteakhouse.com/sourcing-and-sustainability/,,
Kiowa Valley Organics,Urban Farmer,unknown,high,https://www.urbanfarmersteakhouse.com/sourcing-and-sustainability/,,
Wisdom Natural Poultry,Potager,unknown,high,http://www.potagerrestaurant.com/Farms.html,,
Buckner Family Ranch,Potager,unknown,high,http://www.potagerrestaurant.com/Farms.html,,
Cure Organic Farm,Potager,unknown,high,http://www.potagerrestaurant.com/Farms.html,,
Toohey & Sons Organic Farm,Potager,unknown,high,http://www.potagerrestaurant.com/Farms.html,,
Monroe Organic Farm,Potager,unknown,high,http://www.potagerrestaurant.com/Farms.html,,
First Fruits Organic Farm,Potager,unknown,high,http://www.potagerrestaurant.com/Farms.html,,
Black Cat Farm,Potager,unknown,high,http://www.potagerrestaurant.com/Farms.html,,
Croft Family Farm,Potager,unknown,high,http://www.potagerrestaurant.com/Farms.html,,
Hazel Dell Mushrooms,Potager,unknown,high,http://www.potagerrestaurant.com/Farms.html,,
Altius Farms,Potager,unknown,high,http://www.potagerrestaurant.com/Farms.html,,
Rebel Farm,Potager,unknown,high,http://www.potagerrestaurant.com/Farms.html,,
Haystack Mountain Creamery,Potager,unknown,high,http://www.potagerrestaurant.com/Farms.html,,
Boulder County Farmers Markets,Potager,unknown,high,http://www.potagerrestaurant.com/Farms.html,,
City Park Farmers Market,Potager,unknown,high,http://www.potagerrestaurant.com/Farms.html,,
Toohey & Sons Organic Farm,Duo,unknown,high,https://www.duorestaurants.com/about/,,
Cure Organic Farm,Duo,unknown,high,https://www.duorestaurants.com/about/,,
Monroe Organic Farm,Duo,unknown,high,https://www.duorestaurants.com/about/,,
Morning Fresh Dairy,Duo,unknown,high,https://www.duorestaurants.com/about/,,
Rock River Ranch,Duo,unknown,high,https://www.duorestaurants.com/about/,,
Wisdom Natural Poultry,Duo,unknown,high,https://www.duorestaurants.com/about/,,
First Fruits Organic Farm,Duo,unknown,high,https://www.duorestaurants.com/about/,,
Leopold Bros.,Duo,unknown,high,https://www.duorestaurants.com/about/,,
Isabelle Farm,Duo,unknown,high,https://www.duorestaurants.com/about/,,
Boulder Lamb,Duo,unknown,high,https://www.duorestaurants.com/about/,,
Leopold Bros.,Mercantile Dining & Provision,2026,high,https://www.mercantiledenver.com/menus,,
Rebel Farm,Mercantile Dining & Provision,2026,high,https://www.mercantiledenver.com/menus,,
Hazel Dell Mushrooms,The Regional,unknown,high,https://theregionalfood.com/fort-collins-the-regional-sourcing,,
Isabelle Farm,The Regional,unknown,high,https://theregionalfood.com/fort-collins-the-regional-sourcing,,
Jodar Farms,The Regional,unknown,high,https://theregionalfood.com/fort-collins-the-regional-sourcing,,
Native Hill Farm,The Regional,unknown,high,https://theregionalfood.com/fort-collins-the-regional-sourcing,,
Flipside Farms,Clean Kitchen,unknown,high,https://clean-kitchen.org/farmers/,,
Thistlewhistle Farm,Clean Kitchen,unknown,high,https://clean-kitchen.org/farmers/,,
Two Roots Farm,Field 2 Fork Kitchen,unknown,high,https://www.field2forkkitchen.com/our-farms/,,
Sustainable Settings,Field 2 Fork Kitchen,unknown,high,https://www.field2forkkitchen.com/our-farms/,,
Croft Family Farm,River and Woods,2026,high,https://www.riverandwoodsboulder.com/menu,,
Buckner Family Ranch,Blackbelly,2023,high,https://archives.boulderweekly.com/special-editions/close-to-the-bone/,,
7X Ranch,Blackbelly,2023,high,https://archives.boulderweekly.com/special-editions/close-to-the-bone/,,
Native Hill Farm,Little on Mountain,unknown,medium,https://www.visitftcollins.com/blog/stories/post/9-fort-collins-restaurants-worth-the-drive/,,
Jodar Farms,Little on Mountain,unknown,medium,https://www.visitftcollins.com/blog/stories/post/9-fort-collins-restaurants-worth-the-drive/,,
Hazel Dell Mushrooms,Little on Mountain,unknown,medium,https://www.visitftcollins.com/blog/stories/post/9-fort-collins-restaurants-worth-the-drive/,,
Morning Fresh Dairy,Little on Mountain,unknown,medium,https://www.visitftcollins.com/blog/stories/post/9-fort-collins-restaurants-worth-the-drive/,,
Hazel Dell Mushrooms,Ginger and Baker,2024,high,https://collegian.com/articles/landc/fortcollinslife/2024/04/category-life-and-culture-ginger-and-baker-partners-with-local-purveyors-for-sustainability/,,
Wisdom Natural Poultry,Ginger and Baker,2024,high,https://collegian.com/articles/landc/fortcollinslife/2024/04/category-life-and-culture-ginger-and-baker-partners-with-local-purveyors-for-sustainability/,,
Morning Fresh Dairy,Ginger and Baker,2024,high,https://collegian.com/articles/landc/fortcollinslife/2024/04/category-life-and-culture-ginger-and-baker-partners-with-local-purveyors-for-sustainability/,,
Morning Fresh Dairy,Taste Local,unknown,low,https://thegroupinc.com/our-communities/exploring-nocos-farm-to-table-restaurants/,,
Haystack Mountain Creamery,Taste Local,unknown,low,https://thegroupinc.com/our-communities/exploring-nocos-farm-to-table-restaurants/,,
Croft Family Farm,Taste Local,unknown,low,https://thegroupinc.com/our-communities/exploring-nocos-farm-to-table-restaurants/,,
Gotham Greens,Annette,unknown,medium,https://www.gothamgreens.com/journal/making-the-menu-annette/,,
Wisdom Natural Poultry,SALT,unknown,high,https://saltboulder.com/,,
Elkstone Farm,Aurum Steamboat,2018,medium,https://www.steamboatchamber.com/blog/post/keeping-it-local-steamboat-springs-restaurants-source-fresh-regional-ingredients/,,unconfirmed
Innovative Ag,Aurum Steamboat,2018,medium,https://www.steamboatchamber.com/blog/post/keeping-it-local-steamboat-springs-restaurants-source-fresh-regional-ingredients/,,unconfirmed
Elkstone Farm,Harwigs,2018,medium,https://www.steamboatchamber.com/blog/post/keeping-it-local-steamboat-springs-restaurants-source-fresh-regional-ingredients/,,unconfirmed
Mountain View Meat Co.,Laundry / Creekside Cafe,2018,medium,https://www.steamboatchamber.com/blog/post/keeping-it-local-steamboat-springs-restaurants-source-fresh-regional-ingredients/,,unconfirmed
Innovative Ag,Laundry / Creekside Cafe,2018,medium,https://www.steamboatchamber.com/blog/post/keeping-it-local-steamboat-springs-restaurants-source-fresh-regional-ingredients/,,unconfirmed
Two Roots Farm,Tiny Pine Bistro,2026,high,https://coloradosun.com/2026/09/08/farm-to-table-restaurant-chefs-menus-western-slope-colorado/,,
Dooley Creek Farm,Tiny Pine Bistro,2026,high,https://coloradosun.com/2026/09/08/farm-to-table-restaurant-chefs-menus-western-slope-colorado/,,
Thistlewhistle Farm,Soupçon,2026,high,https://coloradosun.com/2026/09/08/farm-to-table-restaurant-chefs-menus-western-slope-colorado/,,
Two Roots Farm,Bosq,2024,high,https://www.aspenpublicradio.org/arts-culture/2024-02-12/farmers-see-flavor-as-a-gateway-to-help-people-recognize-the-value-of-local-agriculture,,
Sustainable Settings,Bosq,2024,high,https://www.aspenpublicradio.org/arts-culture/2024-02-12/farmers-see-flavor-as-a-gateway-to-help-people-recognize-the-value-of-local-agriculture,,
Sustainable Settings,Prospect,2024,high,https://www.aspenpublicradio.org/arts-culture/2024-02-12/farmers-see-flavor-as-a-gateway-to-help-people-recognize-the-value-of-local-agriculture,,
Flipside Farms,Aspen Art Museum Cafe,2024,high,https://www.aspentimes.com/news/its-mainstream-now-so-get-out-and-get-it-chefs-restaurants-and-restaurant-awards-shape-the-culture-of-farm-to-table-dining/,,
Dooley Creek Farm,Aspen Art Museum Cafe,2024,high,https://www.aspentimes.com/news/its-mainstream-now-so-get-out-and-get-it-chefs-restaurants-and-restaurant-awards-shape-the-culture-of-farm-to-table-dining/,,
Three Leaf Farm,Three Leaf restaurants,unknown,high,https://www.threeleaffarm.com/our-restaurants-1,owner-operated,
Hazel Dell Mushrooms,Root Down,2018,medium,https://303magazine.com/2018/04/denver-restaurants-farms/,,unconfirmed
Rebel Farm,Root Down,2018,medium,https://303magazine.com/2018/04/denver-restaurants-farms/,,unconfirmed
Morning Fresh Dairy,Root Down,2018,medium,https://303magazine.com/2018/04/denver-restaurants-farms/,,unconfirmed
Osage Gardens,Root Down,2018,medium,https://303magazine.com/2018/04/denver-restaurants-farms/,,unconfirmed
Hazel Dell Mushrooms,The Kitchen,2018,medium,https://303magazine.com/2018/04/denver-restaurants-farms/,,unconfirmed
Cure Organic Farm,The Kitchen,2018,medium,https://303magazine.com/2018/04/denver-restaurants-farms/,,unconfirmed
Morning Fresh Dairy,The Kitchen,2018,medium,https://303magazine.com/2018/04/denver-restaurants-farms/,,unconfirmed
Native Hill Farm,The Kitchen,2018,medium,https://303magazine.com/2018/04/denver-restaurants-farms/,,unconfirmed
Wisdom Natural Poultry,The Kitchen,2024,medium,https://www.wisdomsnaturalpoultry.com/,,
Rebel Farm,Linger,2026-10,high,https://www.rebelfarm.com/partners,,
Osage Gardens,Linger,2018,medium,https://303magazine.com/2018/04/denver-restaurants-farms/,,unconfirmed
Cure Organic Farm,Basta,2018,medium,https://303magazine.com/2018/04/denver-restaurants-farms/,,unconfirmed
Black Cat Farm,Bramble & Hare / Black Cat,2022,high,https://5280.com/14-farm-to-table-denver-restaurants-serving-the-best-late-summer-produce/,owner-operated,
Cure Organic Farm,Cafe Aion,2018,medium,https://303magazine.com/2018/04/denver-restaurants-farms/,,unconfirmed
Wisdom Natural Poultry,Cafe Aion,2018,medium,https://303magazine.com/2018/04/denver-restaurants-farms/,,unconfirmed
Bee Squared Apiaries,Berthoud Drug,2026,high,https://bethsbees.com/local-sources-of-bee-squared-products/,non-food retail,
Bee Squared Apiaries,The Rancher's Wife,2026,high,https://bethsbees.com/local-sources-of-bee-squared-products/,non-food retail,
Bee Squared Apiaries,Wishful Living,2026,high,https://bethsbees.com/local-sources-of-bee-squared-products/,non-food retail,
Bee Squared Apiaries,Boulder Olive Oil Co.,2026,high,https://bethsbees.com/local-sources-of-bee-squared-products/,,
Bee Squared Apiaries,Savannah Bee,2026,high,https://bethsbees.com/local-sources-of-bee-squared-products/,,
Bee Squared Apiaries,The Beekeepers Den,2026,high,https://bethsbees.com/local-sources-of-bee-squared-products/,,
Bee Squared Apiaries,Painted Tree Boutiques,2026,high,https://bethsbees.com/local-sources-of-bee-squared-products/,non-food retail,
Bee Squared Apiaries,3 Arrows Gallery,2026,high,https://bethsbees.com/local-sources-of-bee-squared-products/,"non-food retail; 2 locations: Denver, Park Hill",
Bee Squared Apiaries,Cheyenne Fencing Club,2026,high,https://bethsbees.com/local-sources-of-bee-squared-products/,non-food retail,
Bee Squared Apiaries,City Floral,2026,high,https://bethsbees.com/local-sources-of-bee-squared-products/,non-food retail,
Bee Squared Apiaries,Denver Botanic Gardens,2026,high,https://bethsbees.com/local-sources-of-bee-squared-products/,non-food retail,
Bee Squared Apiaries,I Heart Denver Store,2026,high,https://bethsbees.com/local-sources-of-bee-squared-products/,non-food retail,
Bee Squared Apiaries,PineMelon,2026,high,https://bethsbees.com/local-sources-of-bee-squared-products/,,
Bee Squared Apiaries,Black Canyon,2026,high,https://bethsbees.com/local-sources-of-bee-squared-products/,,
Bee Squared Apiaries,Bridge Refill Market,2026,high,https://bethsbees.com/local-sources-of-bee-squared-products/,,
Bee Squared Apiaries,Colorado Cherry Company,2026,high,https://bethsbees.com/local-sources-of-bee-squared-products/,"4 locations: Estes Park, Loveland, Lyons, Windsor",
Bee Squared Apiaries,Colorado Homestead,2026,high,https://bethsbees.com/local-sources-of-bee-squared-products/,non-food retail,
Bee Squared Apiaries,Elkins Distilling,2026,high,https://bethsbees.com/local-sources-of-bee-squared-products/,food-service,
Bee Squared Apiaries,Once Upon a Hive,2026,high,https://bethsbees.com/local-sources-of-bee-squared-products/,,
Bee Squared Apiaries,Rocky Mountain Majesty,2026,high,https://bethsbees.com/local-sources-of-bee-squared-products/,non-food retail,
Bee Squared Apiaries,The Stanley Hotel,2026,high,https://bethsbees.com/local-sources-of-bee-squared-products/,food-service,
Bee Squared Apiaries,Wild Spirits Gallery,2026,high,https://bethsbees.com/local-sources-of-bee-squared-products/,non-food retail,
Bee Squared Apiaries,Folks Farm,2026,high,https://bethsbees.com/local-sources-of-bee-squared-products/,,
Bee Squared Apiaries,Garden Sweet,2026,high,https://bethsbees.com/local-sources-of-bee-squared-products/,,
Bee Squared Apiaries,Gardens on Spring Creek,2026,high,https://bethsbees.com/local-sources-of-bee-squared-products/,non-food retail,
Bee Squared Apiaries,Golden Poppy,2026,high,https://bethsbees.com/local-sources-of-bee-squared-products/,non-food retail,
Bee Squared Apiaries,The Cupboard,2026,high,https://bethsbees.com/local-sources-of-bee-squared-products/,non-food retail,
Bee Squared Apiaries,The Welsh Rabbit,2026,high,https://bethsbees.com/local-sources-of-bee-squared-products/,,
Bee Squared Apiaries,Hampton Inn,2026,high,https://bethsbees.com/local-sources-of-bee-squared-products/,food-service,
Bee Squared Apiaries,Tierra Luna,2026,high,https://bethsbees.com/local-sources-of-bee-squared-products/,,
Bee Squared Apiaries,Full Monty Liquors,2026,high,https://bethsbees.com/local-sources-of-bee-squared-products/,,
Bee Squared Apiaries,Gunnison Jerky Co.,2026,high,https://bethsbees.com/local-sources-of-bee-squared-products/,,
Bee Squared Apiaries,Mountain Tool and Farm,2026,high,https://bethsbees.com/local-sources-of-bee-squared-products/,non-food retail,
Bee Squared Apiaries,Slaymaker Cellars,2026,high,https://bethsbees.com/local-sources-of-bee-squared-products/,food-service,
Bee Squared Apiaries,A Touch of Colorado,2026,high,https://bethsbees.com/local-sources-of-bee-squared-products/,non-food retail,
Bee Squared Apiaries,O'Toole's Garden Center,2026,high,https://bethsbees.com/local-sources-of-bee-squared-products/,non-food retail,
Bee Squared Apiaries,Tom's Brew Shop,2026,high,https://bethsbees.com/local-sources-of-bee-squared-products/,non-food retail,
Bee Squared Apiaries,Bricks Retail,2026,high,https://bethsbees.com/local-sources-of-bee-squared-products/,non-food retail,
Bee Squared Apiaries,Longmont Vacuum,2026,high,https://bethsbees.com/local-sources-of-bee-squared-products/,non-food retail,
Bee Squared Apiaries,Plume and Furrow,2026,high,https://bethsbees.com/local-sources-of-bee-squared-products/,non-food retail,
Bee Squared Apiaries,The Flower Bin,2026,high,https://bethsbees.com/local-sources-of-bee-squared-products/,non-food retail,
Bee Squared Apiaries,7th Generation Farm,2026,high,https://bethsbees.com/local-sources-of-bee-squared-products/,,
Bee Squared Apiaries,Olive & Herb,2026,high,https://bethsbees.com/local-sources-of-bee-squared-products/,,
Bee Squared Apiaries,Let it Bee,2026,high,https://bethsbees.com/local-sources-of-bee-squared-products/,,
Bee Squared Apiaries,Solace,2026,high,https://bethsbees.com/local-sources-of-bee-squared-products/,non-food retail,
Bee Squared Apiaries,Spirit Hound,2026,high,https://bethsbees.com/local-sources-of-bee-squared-products/,food-service,
Bee Squared Apiaries,Meadowsweet Gifts & Wellness,2026,high,https://bethsbees.com/local-sources-of-bee-squared-products/,non-food retail,
Bee Squared Apiaries,The Moxi Poppy,2026,high,https://bethsbees.com/local-sources-of-bee-squared-products/,non-food retail,
Bee Squared Apiaries,Quirky Homebrew Supply,2026,high,https://bethsbees.com/local-sources-of-bee-squared-products/,non-food retail,
Bee Squared Apiaries,Plan Bee,2026,high,https://bethsbees.com/local-sources-of-bee-squared-products/,,
Bee Squared Apiaries,Local Roots Vintage Market,2026,high,https://bethsbees.com/local-sources-of-bee-squared-products/,non-food retail,
Bee Squared Apiaries,Butterfly Pavilion,2026,high,https://bethsbees.com/local-sources-of-bee-squared-products/,non-food retail,
Bee Squared Apiaries,Twin Lakes General Store,2026,high,https://bethsbees.com/local-sources-of-bee-squared-products/,,
Rock Bottom Ranch,Element 47,unknown,high,https://www.thelittlenell.com/dine/element-47/purveyors,,
The Nell Gardens,Element 47,unknown,high,https://www.thelittlenell.com/dine/element-47/purveyors,owner-operated (hotel garden),
Cross Creek Farms,Element 47,unknown,medium,https://www.thelittlenell.com/dine/element-47/purveyors,identity likely Cross Creek Ranch Premium Meats (Wagyu); unconfirmed,
Eagle Springs Organic,Element 47,unknown,high,https://www.thelittlenell.com/dine/element-47/purveyors,Colorado Proud lists it in Rifle; CP directory: EAGLE SPRINGS ORGANIC (Rifle),
Hillside Acres,Element 47,unknown,low,https://www.thelittlenell.com/dine/element-47/purveyors,listed site is a parked domain; farm not identified,
Abundant Life Organic Farms,Element 47,unknown,high,https://www.thelittlenell.com/dine/element-47/purveyors,,
Raincrow Farm,Element 47,unknown,high,https://www.thelittlenell.com/dine/element-47/purveyors,missed by the first research pass,
Alpenglow Mushrooms,Element 47,unknown,medium,https://www.thelittlenell.com/dine/element-47/purveyors,listed as 'Alpenglow Farm'; identity likely,
Austin Family Farm,Element 47,unknown,high,https://www.thelittlenell.com/dine/element-47/purveyors,,
Mountain States Rosen,Element 47,unknown,low,https://www.thelittlenell.com/dine/element-47/purveyors,lamb processor closed 2020; stale listing on the restaurant's page,
Jumpin' Good Goat Dairy,Element 47,unknown,high,https://www.thelittlenell.com/dine/element-47/purveyors,CP directory: Jumpin' Good Goat Dairy (Buena Vista),
Haystack Mountain Creamery,Element 47,unknown,high,https://www.thelittlenell.com/dine/element-47/purveyors,listed as 'Haystack Farms',
Mountain Oven,Clean Kitchen,unknown,high,https://clean-kitchen.org/farmers/,stone-milled flour; CP directory: Mountain Oven Organic Bakery (Paonia),
Figure 8 Farming,Clean Kitchen,unknown,high,https://clean-kitchen.org/farmers/,,
Groundwork Farm,Clean Kitchen,unknown,high,https://clean-kitchen.org/farmers/,,
Berry Fungi Farms,Clean Kitchen,unknown,high,https://clean-kitchen.org/farmers/,mushrooms,
Elk Mountain Farmacy,Clean Kitchen,unknown,high,https://clean-kitchen.org/farmers/,ferments,
Wrich Ranches,Clean Kitchen,unknown,high,https://clean-kitchen.org/farmers/,grass-fed beef,
Sunshine Ranch,Clean Kitchen,unknown,high,https://clean-kitchen.org/farmers/,grass-fed beef,
Homestead Meats,Clean Kitchen,unknown,high,https://clean-kitchen.org/farmers/,beef,
Farmhand's Harvest,Clean Kitchen,unknown,high,https://clean-kitchen.org/farmers/,lamb and beef,
Rocky Mountain Fresh,Urban Farmer,unknown,high,https://www.urbanfarmersteakhouse.com/sourcing-and-sustainability/,,
Field to Front Door,Urban Farmer,unknown,high,https://www.urbanfarmersteakhouse.com/sourcing-and-sustainability/,,
Picaflor,Urban Farmer,unknown,high,https://www.urbanfarmersteakhouse.com/sourcing-and-sustainability/,ferments,
Merfs Condiments,Urban Farmer,unknown,high,https://www.urbanfarmersteakhouse.com/sourcing-and-sustainability/,hot sauce,
High Mountain Plains,Urban Farmer,unknown,high,https://www.urbanfarmersteakhouse.com/sourcing-and-sustainability/,Wagyu,
Lost Creek Micro Farm,Urban Farmer,unknown,high,https://www.urbanfarmersteakhouse.com/sourcing-and-sustainability/,,
Elevation Beef,The Regional,unknown,high,https://theregionalfood.com/fort-collins-the-regional-sourcing,,
Parker Pastures,Corrida,2021,medium,https://www.westword.com/restaurants/corrida-savory-institute-land-to-market-regenerative-beef-12917635,,
Gleason Bison,Corrida,2021,medium,https://www.westword.com/restaurants/corrida-savory-institute-land-to-market-regenerative-beef-12917635,,
Ferguson Farms,Floradora Saloon,unknown,high,https://www.floradorasaloon.com/community,,
Telluride Brewing Company,Floradora Saloon,unknown,high,https://www.floradorasaloon.com/community,beer,
Stronghouse Brewery,Floradora Saloon,unknown,high,https://www.floradorasaloon.com/community,beer; town not given,
McDonald Family Farm,Blackbelly,2023,high,https://archives.boulderweekly.com/special-editions/close-to-the-bone/,heritage pork,
Tasty Tomato,Harwigs,2018,medium,https://www.steamboatchamber.com/blog/post/keeping-it-local-steamboat-springs-restaurants-source-fresh-regional-ingredients/,,unconfirmed
Tasty Tomato,Café Diva,2018,medium,https://www.steamboatchamber.com/blog/post/keeping-it-local-steamboat-springs-restaurants-source-fresh-regional-ingredients/,,unconfirmed
Tasty Tomato,Laundry / Creekside Cafe,2018,medium,https://www.steamboatchamber.com/blog/post/keeping-it-local-steamboat-springs-restaurants-source-fresh-regional-ingredients/,,unconfirmed
Tasty Tomato,Mambo Italiano,2018,medium,https://www.steamboatchamber.com/blog/post/keeping-it-local-steamboat-springs-restaurants-source-fresh-regional-ingredients/,,unconfirmed
Koberstein Farms,The Kitchen,2018,medium,https://303magazine.com/2018/04/denver-restaurants-farms/,grass-fed beef,unconfirmed
Field to Fork CSA,Bin 707 Foodbar,2014,medium,https://www.postindependent.com/explore-summit/entertainment/food-scene-eat-local-with-bin-707-foodbar-in-grand-junction-colorado/,,unconfirmed
High Country Orchards,Bin 707 Foodbar,2014,medium,https://www.postindependent.com/explore-summit/entertainment/food-scene-eat-local-with-bin-707-foodbar-in-grand-junction-colorado/,peaches; town not given,unconfirmed
Bootheel 7 Ranch,Urban Farmer,unknown,high,https://www.urbanfarmersteakhouse.com/sourcing-and-sustainability/,dry-aged Black Angus; Wyoming,
SkyPilot Farm,Potager,unknown,high,http://www.potagerrestaurant.com/Farms.html,,
Grama Grass & Livestock,Potager,unknown,high,http://www.potagerrestaurant.com/Farms.html,grass-fed beef,
Red Wagon Organic Farm,Potager,unknown,high,http://www.potagerrestaurant.com/Farms.html,,
Aspen Moon Farm,Potager,unknown,high,http://www.potagerrestaurant.com/Farms.html,,
Community Table Farm,Potager,unknown,medium,http://www.potagerrestaurant.com/Farms.html,,
Kiowa Valley Organics,Potager,unknown,high,http://www.potagerrestaurant.com/Farms.html,listed as 'Kiowa Farm',
Munson Farms,Potager,unknown,high,http://www.potagerrestaurant.com/Farms.html,,
Rancho Durazno,Potager,unknown,high,http://www.potagerrestaurant.com/Farms.html,listed as 'Rancho Duranzo',
Switch Gears Farm,Potager,unknown,high,http://www.potagerrestaurant.com/Farms.html,,
Rough & Ready Farm,Potager,unknown,high,http://www.potagerrestaurant.com/Farms.html,,
Ollin Farms,Potager,unknown,high,http://www.potagerrestaurant.com/Farms.html,,
The Truffle Cheese Shop,Potager,unknown,high,http://www.potagerrestaurant.com/Farms.html,cheese shop (reseller),
Royal Crest Dairy,Potager,unknown,high,http://www.potagerrestaurant.com/Farms.html,dairy processor,
Boulder Valley Naturals,Duo,unknown,low,https://www.duorestaurants.com/about/,business not identified,
Teton Waters Ranch,Duo,unknown,high,https://www.duorestaurants.com/about/,Denver brand; beef sourced outside Colorado,
Udi's Gluten Free,Duo,unknown,high,https://www.duorestaurants.com/about/,Conagra brand baked in Denver,
Nita Crisp,Duo,unknown,high,https://www.duorestaurants.com/about/,crackers,
Table Mountain Farms,Duo,unknown,medium,https://www.duorestaurants.com/about/,listed as closed,
Oxford Gardens,Duo,unknown,high,https://www.duorestaurants.com/about/,,
Agriburbia,Duo,unknown,medium,https://www.duorestaurants.com/about/,farm developer; current supply role unclear,
Novo Coffee,Duo,unknown,high,https://www.duorestaurants.com/about/,coffee,
Teakoe Tea Supply Co.,Duo,unknown,high,https://www.duorestaurants.com/about/,tea,
Bhakti Chai,Duo,unknown,high,https://www.duorestaurants.com/about/,listed as 'bhatki chai',
Black Shirt Brewing Co.,Duo,unknown,high,https://www.duorestaurants.com/about/,beer,
Peak Spirits Farm Distillery,Duo,unknown,medium,https://www.duorestaurants.com/about/,listed as 'Caprock' (CapRock gin); likely,
The Real Dill,Duo,unknown,high,https://www.duorestaurants.com/about/,pickles,
Adobe Milling Co.,Duo,unknown,high,https://www.duorestaurants.com/about/,beans,
Izzio Artisan Bakery,Duo,unknown,high,https://www.duorestaurants.com/about/,bread,
Tender Belly,Duo,unknown,high,https://www.duorestaurants.com/about/,Denver pork brand; hogs from several states,
Rebel Farm,Basta,2025-02,high,https://www.rebelfarm.com/partners,,
Rebel Farm,Rioja,2025-02,high,https://www.rebelfarm.com/partners,,
Hayden Fresh Farm,Laundry / Creekside Cafe,2026-10,high,https://www.haydenfresh.com/find-us,,
Hayden Fresh Farm,Aurum Steamboat,2026-10,high,https://www.haydenfresh.com/find-us,,
Woody Creek Distillers,Il Porcellino Salumi,unknown,medium,https://stkilianscheeseshop.com/products/il-porcellino-salumi-rosette-de-lyon,apple brandy in the Rosette de Lyon salami,
Carboy Winery,Il Porcellino Salumi,2023,medium,https://www.carbondale.com/roaring-fork-farm-map/,Malbec in the black truffle salami (Roaring Fork + Farm Map),
Mesa Microgreens,Element 47,unknown,high,https://apres.thelittlenell.com/mesa-microgreens/,buyer's own magazine (The Little Nell),
Mesa Microgreens,Bosq,unknown,medium,https://apres.thelittlenell.com/mesa-microgreens/,,
Mesa Microgreens,The Pullman,unknown,medium,https://apres.thelittlenell.com/mesa-microgreens/,,
Mesa Microgreens,Aurum Snowmass,unknown,medium,https://apres.thelittlenell.com/mesa-microgreens/,,
Mesa Microgreens,PARC,unknown,medium,https://apres.thelittlenell.com/mesa-microgreens/,,
Mesa Microgreens,Meat & Cheese Restaurant and Farm Shop,unknown,medium,https://apres.thelittlenell.com/mesa-microgreens/,,
Mesa Microgreens,The Farmer and Chef,unknown,medium,https://apres.thelittlenell.com/mesa-microgreens/,"Rooftop Café, Aspen Art Museum",
Nieslanik Beef,Marble Distilling Co.,unknown,medium,https://destinationdistillery.com/distillery/marble-distilling-co/,grain grown under a mile from the distillery,
Potter Farms,Roaring Fork Valley Co-op,unknown,medium,https://chamber.carbondale.com/list/member/potter-farms-6613,eggs and beef,
Arrowpoint Cattle Company,Eddyline Restaurant at Southmain,unknown,high,https://www.arrowpointcattle.com/our-story,grass-fed beef,
The Triangle Oasis,Mantis Kitchen,unknown,high,https://mantiskitchen.com/,roasted Pueblo green chiles,
Rocky Mountain Garlic,Mantis Kitchen,unknown,high,https://mantiskitchen.com/,spring thyme,
Headwater Farms,The Lettucehead Food Company,unknown,high,https://www.headwaterfarmco.com/purchase,produce year round,
Hutchinson Ranch,Lago Trattoria,2026,medium,https://www.themountainmail.com/news/lago-trattoria-new-salida-cuisine/article_7132684a-4f0b-46d6-a19e-e4a4ac11b94c.html,produce and meat,
