supplier,buyer,date,confidence,source,note,retired,reason,evidence,evidence_date
Fruition Farms,Basta,2018,medium,https://303magazine.com/2018/04/denver-restaurants-farms/,,2026-10-04,supplier-closed: Fruition Farms put up for sale 2021-03,https://www.westword.com/food-drink/fruition-farms-and-creamery-goes-on-the-market-11925980/,2021-03
Fruition Farms,Rioja,2018,medium,https://303magazine.com/2018/04/denver-restaurants-farms/,,2026-10-04,supplier-closed: Fruition Farms put up for sale 2021-03; Rioja's current menu doesn't name it,https://www.westword.com/food-drink/fruition-farms-and-creamery-goes-on-the-market-11925980/,2021-03
Fruition Farms,Fruition,2018,medium,https://303magazine.com/2018/04/denver-restaurants-farms/,owner-operated,2026-10-04,buyer-closed: Fruition restaurant closed 2025-01-12; farm sold 2021,https://www.9news.com/article/money/business/small-business/fruition-restaurant-close-michelin-james-beard-chef/73-fa61d3a5-c526-47f4-9bb5-b6bf76d22a37,2025-01
Corner Post Meats,Old Major / Euclid Hall,2018,medium,https://303magazine.com/2018/04/denver-restaurants-farms/,,2026-10-04,buyer-closed: Euclid Hall and Old Major closed 2020-03; Corner Post stopped selling meat 2024-04,https://303magazine.com/2020/03/euclid-hall-closed/,2020-03
Corner Post Meats,Hop Alley,2018,medium,https://303magazine.com/2018/04/denver-restaurants-farms/,,2026-10-04,supplier-closed: Corner Post stopped selling meat 2024-04,https://www.untamedbusiness.com/corner-post-meats,2024-04
Moon Hill Dairy,Cloverdale,2018,medium,https://www.steamboatchamber.com/blog/post/keeping-it-local-steamboat-springs-restaurants-source-fresh-regional-ingredients/,,2026-10-04,buyer-closed: Cloverdale closed 2018-10-06,https://www.steamboatpilot.com/news/cloverdale-restaurant-in-steamboat-to-close-its-doors/,2018-10
Mountain View Meat Co.,Cloverdale,2018,medium,https://www.steamboatchamber.com/blog/post/keeping-it-local-steamboat-springs-restaurants-source-fresh-regional-ingredients/,,2026-10-04,buyer-closed: Cloverdale closed 2018-10-06,https://www.steamboatpilot.com/news/cloverdale-restaurant-in-steamboat-to-close-its-doors/,2018-10
Cloverdale Farm,Cloverdale,2018,medium,https://www.steamboatchamber.com/blog/post/keeping-it-local-steamboat-springs-restaurants-source-fresh-regional-ingredients/,owner-operated,2026-10-04,buyer-closed: Cloverdale closed 2018-10-06,https://www.5280.com/cloverdale-restaurant-will-close-its-doors-on-october-6/,2018-10
Moon Ranch,Cloverdale,2018,medium,https://www.steamboatchamber.com/blog/post/keeping-it-local-steamboat-springs-restaurants-source-fresh-regional-ingredients/,"lamb, beef; town not given",2026-10-04,buyer-closed: Cloverdale closed 2018-10-06,https://www.steamboatpilot.com/news/cloverdale-restaurant-in-steamboat-to-close-its-doors/,2018-10
Moon Hill Dairy,Laundry / Creekside Cafe,2018,medium,https://www.steamboatchamber.com/blog/post/keeping-it-local-steamboat-springs-restaurants-source-fresh-regional-ingredients/,,2026-10-04,supplier-closed: Moon Hill stopped making cheese (hiatus notice up since at least 2025-05),https://moonhilldairy.com/,current
Moon Hill Dairy,Mountain Tap Brewery,2017,medium,https://www.steamboatchamber.com/blog/post/steamboat-springs-local-foods/,,2026-10-04,supplier-closed: Moon Hill stopped making cheese; current beer-cheese dip credits cheddar and gruyere,https://moonhilldairy.com/,current
Okagawa Farms,il Bistro Italiano,2016,low,https://www.gjhomes.com/blog/4276/farm-to-table-flavors-in-grand-junction,,2026-10-04,buyer-closed: il Bistro Italiano closed 2023-01-18,https://www.rmpbs.org/news/il-bistro-italiano-closed-grand-junction,2023-01
Uncle John's Farm Stand,Pug Ryan's Brewery,2010,low,https://www.summitdaily.com/news/who-we-are-turning-a-love-of-the-land-into-a-livelihood/,,2026-10-04,buyer-closed: Pug Ryan's closed 2026-04-05,https://www.summitdaily.com/news/as-pug-ryans-closes-this-summers-plan-for-dillons-tiki-bar-shifts/,2026-04
Altius Farms,Beast + Bottle (closed),2019,medium,https://5280.com/beast-bottle-celebrates-six-years-with-a-refresh/,,2026-10-04,buyer-closed: Beast + Bottle closed 2021-06-05 (building sold); Altius now JFS Altius Farms,https://www.5280.com/2021/04/beast-bottle-is-closing-reserve-a-table-now-before-its-too-late/,2021-04
Ewe Bet Ranch,Beast + Bottle (closed),2019,medium,https://5280.com/beast-bottle-celebrates-six-years-with-a-refresh/,,2026-10-04,buyer-closed: Beast + Bottle closed 2021-06-05,https://www.5280.com/2021/04/beast-bottle-is-closing-reserve-a-table-now-before-its-too-late/,2021-04
McCauley Family Farm,Beast + Bottle (closed),2019,medium,https://5280.com/beast-bottle-celebrates-six-years-with-a-refresh/,,2026-10-04,buyer-closed: Beast + Bottle closed 2021-06-05; farm's Instagram also says permanently closed,https://www.5280.com/2021/04/beast-bottle-is-closing-reserve-a-table-now-before-its-too-late/,2021-04
Moxie Bread Co.,Beast + Bottle (closed),2019,medium,https://5280.com/beast-bottle-celebrates-six-years-with-a-refresh/,,2026-10-04,buyer-closed: Beast + Bottle closed 2021-06-05,https://www.5280.com/2021/04/beast-bottle-is-closing-reserve-a-table-now-before-its-too-late/,2021-04
City Bakery,Beast + Bottle (closed),2019,medium,https://5280.com/beast-bottle-celebrates-six-years-with-a-refresh/,,2026-10-04,"buyer-closed: Beast + Bottle closed 2021-06-05; original evidence was a 2019-03 5280 article, not the refresh piece",https://www.5280.com/2021/04/beast-bottle-is-closing-reserve-a-table-now-before-its-too-late/,2021-04
Corner Post Meats,Aurum Breckenridge,unknown,medium,https://gobreck.com/trip-ideas/eat-drink-shop/farm-to-table-dining-in-breckenridge/,,2026-10-04,supplier-closed: Corner Post stopped selling meat 2024-04 (found while re-checking its 2018 links),https://www.untamedbusiness.com/corner-post-meats,2024-04
