name,type,city,out,inn,on_trail,trail_match
Rootstalk,restaurant,Breckenridge,0,28,,
Esoterra Culinary Garden,farm,Boulder,13,0,Esoterra Culinary Garden,exact
Brunson Meat Co.,maker,Denver,15,1,,
Fitch Ranch,farm,Granby,3,0,,
Ela Family Farms,farm,Hotchkiss,24,0,Ela Family Farms,exact
Jones Farms Organics,farm,Hooper,6,0,Jones Farms Organics,exact
Björn's Colorado Honey,farm,Boulder,3,0,,
Altamira Foods,distributor,Denver,1,0,,
Italco Foods,distributor,Denver,1,7,,
Morton's Organic Orchards,farm,Palisade,9,0,,
Blaine's Tomatoes,farm,Clifton,4,0,,
Okagawa Farms,farm,Grand Junction,3,0,,
Bee Squared Apiaries,farm,Berthoud,69,0,Bee Squared Apiaries,exact
Cheese Importers,distributor,Longmont,2,6,,
Dry Storage,maker,Boulder,8,3,,
Anita's Pantry & Produce,farm,Palisade,1,0,,
McLean Farms,farm,Palisade,1,0,,
Uncle John's Farm Stand,distributor,Frisco,9,0,,
Sweet Action Ice Cream,maker,Denver,4,1,,
Huckleberry Roasters,maker,Denver,1,0,,
English Farms,farm,Delta,1,0,,
Haykin Family Cider,maker,Aurora,5,3,,
Outer Range Brewing,maker,Frisco,1,0,,
Lumpy Ridge Brewing,maker,Estes Park,1,0,,
Breckenridge Distillery,maker,Breckenridge,1,0,,
Leopold Bros.,maker,Denver,3,0,,
Laws Whiskey House,maker,Denver,1,1,,
Woody Creek Distillers,maker,Basalt,2,0,,
Peach Street Distillers,maker,Palisade,2,1,,
Whole Foods Market,retail,Colorado,0,3,,
Natural Grocers,retail,Colorado,0,2,,
Marczyk Fine Foods,retail,Denver,0,3,,
Spinelli's Market,retail,Denver,0,1,,
Fort Collins Food Co-op,retail,Fort Collins,0,1,,
Lucky's Market,retail,Boulder,0,2,,
Alfalfa's,retail,Boulder,0,1,,
Niwot Market,retail,Niwot,0,1,,
Big B's,retail,Paonia,0,1,,
Loco Food Distribution,distributor,Front Range,0,1,,
UNFI,distributor,Colorado,0,1,,
Farm Runners,distributor,Western Slope,0,1,,
Growers Organic,distributor,Denver,1,3,,
The Fresh Food Movement,distributor,Telluride,0,1,,
Boulder County Farmers Markets,market,Boulder,1,4,Boulder Farmers Market,possible
Fort Collins Farmers Market,market,Fort Collins,0,2,,
Old South Pearl St Farmers Market,market,Denver,0,1,,
City Park Farmers Market,market,Denver,1,1,City Park Farmers Market,exact
Harvey Park Farmers Market,market,Denver,0,1,,
Erie Farmers Market,market,Erie,0,1,,
Louisville Farmers Market,market,Louisville,0,1,Louisville Farmers Market,exact
Highlands Square Farmers Market,market,Denver,0,1,,
Lafayette Peach Festival,market,Lafayette,0,1,,
Aspen Saturday Market,market,Aspen,0,1,,
St. Kilian's Cheese Shop,retail,Denver,0,1,,
Ruby's Market,retail,Denver,0,1,,
James Ranch Market & Grill,restaurant,Durango,0,1,,
Bread & Butter Neighborhood Market,retail,Colorado Springs,0,1,,
Hays Market,retail,Berthoud,0,1,,
Murdoch's,retail,Fort Collins,0,1,,
Heinie's Market,retail,Wheat Ridge,0,2,,
Littleton Meats,retail,Littleton,0,1,,
St. Vrain Market,retail,Lyons,0,1,,
Cheese Ranch,retail,Golden,0,1,,
Gaylord Rockies Hotel,restaurant,Aurora,0,1,,
Suarez Wines & Market,retail,Longmont,0,1,,
King Soopers / City Market,retail,Colorado,0,1,,
Leever's Locavore,retail,Denver,0,1,,
Tony's Market,retail,Denver metro,0,1,,
The Ruby Rose Cafe,restaurant,Hooper,0,1,,
Dry Land Distillers,maker,Longmont,0,1,,
What Chefs Want,distributor,Denver,0,1,,
Spade & Spoon,retail,Front Range,0,1,,
The Proper Pour,retail,Denver,0,1,,
Pearl Wine Company,retail,Denver,0,1,,
Joy Wine & Spirits,retail,Denver,0,1,,
Argonaut Wine & Liquor,retail,Denver,0,1,,
Margot,restaurant,Denver,0,1,,
The Wolf's Tailor,restaurant,Denver,0,2,,
Tavernetta,restaurant,Denver,0,1,,
Potager,restaurant,Denver,0,30,,
BRUTØ,restaurant,Denver,0,2,,
Hop Alley,restaurant,Denver,0,1,,
Stellar Jay,restaurant,Denver,0,1,,
Pasque,restaurant,Denver,0,1,,
Bar Dough,restaurant,Denver,0,1,,
Blackbelly,restaurant,Boulder,0,5,,
Frasca Food and Wine,restaurant,Boulder,0,1,,
Urban Farmer,restaurant,Denver,0,16,,
Coperta,restaurant,Denver,0,1,,
Mercantile Dining & Provision,restaurant,Denver,0,3,,
New Belgium Brewing,restaurant,Fort Collins,0,1,,
Four Seasons Denver,restaurant,Denver,0,1,,
Kitchen Next Door,restaurant,Denver,0,1,,
24 Carrot Bistro,restaurant,Erie,0,1,,
Odell's Bagel,restaurant,Denver,0,1,,
Rebel Bread,maker,Denver,0,1,,
Basta,restaurant,Boulder,0,3,,
Wooden Spoon Cafe,restaurant,Denver,0,1,,
Cafe Sol,restaurant,Grand Junction,0,2,,
Bin 707 Foodbar,restaurant,Grand Junction,0,3,,
il Bistro Italiano,restaurant,Grand Junction,0,1,,
FR Bar & Steakhouse,restaurant,Grand Lake,0,1,,
Debbie's Drive-In,restaurant,Granby,0,1,,
The Hearthstone,restaurant,Breckenridge,0,1,,
Modis,restaurant,Breckenridge,0,1,,
Aurum Breckenridge,restaurant,Breckenridge,0,1,,
Carboy Winery,restaurant,Breckenridge,1,1,,
Twist,restaurant,Breckenridge,0,1,,
Vinny's,restaurant,Frisco,0,1,,
Breckenridge Brewery,restaurant,Breckenridge,0,1,,
Hacienda Real,restaurant,Frisco,0,1,,
Pug Ryan's Brewery,restaurant,Dillon,0,0,,
Duo,restaurant,Denver,0,26,,
Element 47,restaurant,Aspen,0,14,,
The Regional,restaurant,Fort Collins,0,5,,
Clean Kitchen,restaurant,Paonia,0,11,,
Field 2 Fork Kitchen,restaurant,Carbondale,0,2,,
River and Woods,restaurant,Boulder,0,4,,
Little on Mountain,restaurant,Fort Collins,0,4,,
Ginger and Baker,restaurant,Fort Collins,0,3,,
Taste Local,restaurant,Loveland,0,3,,
Annette,restaurant,Aurora,0,1,,
SALT,restaurant,Boulder,0,1,,
Beast + Bottle (closed),restaurant,Denver,0,0,,
Aurum Steamboat,restaurant,Steamboat Springs,0,3,,
Cloverdale,restaurant,Steamboat Springs,0,0,,
Harwigs,restaurant,Steamboat Springs,0,2,,
Laundry / Creekside Cafe,restaurant,Steamboat Springs,0,4,,
Mountain Tap Brewery,restaurant,Steamboat Springs,0,0,,
Tiny Pine Bistro,restaurant,Carbondale,0,2,,
Soupçon,restaurant,Crested Butte,0,2,,
Bosq,restaurant,Aspen,0,3,,
Prospect,restaurant,Aspen,0,1,,
Aspen Art Museum Cafe,restaurant,Aspen,0,2,,
Three Leaf restaurants,restaurant,Boulder,0,1,,
Root Down,restaurant,Denver,0,4,,
The Kitchen,restaurant,Boulder,0,6,,
Linger,restaurant,Denver,0,2,,
Rioja,restaurant,Denver,0,1,,
Fruition,restaurant,Denver,0,0,,
Bramble & Hare / Black Cat,restaurant,Boulder,0,1,,
Cafe Aion,restaurant,Boulder,0,2,,
Old Major / Euclid Hall,restaurant,Denver,0,0,,
Seaboard Farms,farm,Holyoke,1,0,,
Il Porcellino Salumi,maker,Denver,1,2,,
MouCo Cheese,maker,Fort Collins,1,0,,
Pappardelle's Pasta,maker,Denver,1,0,,
Clyde's Sausage,maker,Colorado,1,0,,
Twin Peaks Creamery,maker,Colorado,1,0,,
Clark's Honey,farm,Colorado,1,0,,
Cheatin' Wheat,maker,Denver,1,0,,
Colorado Farmhouse Cheese,maker,Colorado,1,0,,
Moon Hill Dairy,maker,Steamboat Springs,1,0,,
James Ranch,farm,Durango,1,0,,
Full Stop Bakery,maker,Boulder,1,0,,
Haystack Mountain Creamery,maker,Longmont,4,0,,
Golden Prairie,farm,Fort Collins,1,0,,
Rocky Draw Farm,farm,Colorado,1,0,,
Stranahan's,maker,Denver,1,0,,
Masonville Orchards,farm,Fort Collins,1,0,,
Three Trees Orchard,farm,Fort Collins,1,0,,
Fuller Orchards,farm,Palisade,1,0,,
Hazel Dell Mushrooms,farm,Fort Collins,7,0,Hazel Dell Mushrooms,exact
Cure Organic Farm,farm,Boulder,6,0,,
Morning Fresh Dairy,farm,Bellvue,6,0,,
Wisdom Natural Poultry,farm,Haxtun,6,0,,
Rebel Farm,farm,Denver,7,0,,
Native Hill Farm,farm,Laporte,3,0,Native Hill Farm,exact
Croft Family Farm,farm,Kersey,3,0,,
Jodar Farms,farm,Fort Collins,2,0,,
Two Roots Farm,farm,Basalt,3,0,Two Roots Farm LLC,exact
Fruition Farms,farm,Larkspur,0,0,,
Boulder Lamb,farm,Longmont,2,0,,
Rock River Ranch,farm,Denver,2,0,,
Isabelle Farm,farm,Lafayette,2,0,,
Buckner Family Ranch,farm,Longmont,2,0,,
7X Ranch,farm,Hotchkiss,2,0,,
Dooley Creek Farm,farm,Carbondale,2,0,,
Sustainable Settings,farm,Carbondale,3,0,,
Corner Post Meats,farm,Black Forest,0,0,,
Toohey & Sons Organic Farm,farm,Colorado,2,0,,
Monroe Organic Farm,farm,Colorado,2,0,"Monroe Family Farm, LLC",exact
First Fruits Organic Farm,farm,Colorado,2,0,First Fruits Organic Farms,exact
Black Cat Farm,farm,Longmont,2,0,,
Altius Farms,farm,Denver,1,0,,
Osage Gardens,farm,New Castle,2,0,,
Elkstone Farm,farm,Steamboat Springs,2,0,,
Innovative Ag,farm,Steamboat Springs,2,0,,
Mountain View Meat Co.,farm,Meeker,1,0,Mountain View Meats,possible
Flipside Farms,farm,Hotchkiss,2,0,,
Thistlewhistle Farm,farm,Hotchkiss,2,0,,
Three Leaf Farm,farm,Lafayette,1,0,,
Ewe Bet Ranch,farm,Loveland,0,0,,
McCauley Family Farm,farm,Boulder,0,0,,
Moxie Bread Co.,maker,Louisville,0,0,,
Gotham Greens,farm,Aurora,1,0,,
Kiowa Valley Organics,farm,Roggen,2,0,,
Berthoud Drug,retail,Berthoud,0,1,,
The Rancher's Wife,retail,Berthoud,0,1,,
Wishful Living,retail,Berthoud,0,1,,
Boulder Olive Oil Co.,retail,Boulder,0,1,,
Savannah Bee,retail,Boulder,0,1,,
The Beekeepers Den,retail,Brighton,0,1,,
Painted Tree Boutiques,retail,Colorado Springs,0,1,,
3 Arrows Gallery,retail,Multiple,0,1,,
Cheyenne Fencing Club,retail,Denver,0,1,,
City Floral,retail,Denver,0,1,,
Denver Botanic Gardens,retail,Denver,0,1,,
I Heart Denver Store,retail,Denver,0,1,,
PineMelon,retail,Denver,0,1,,
Black Canyon,retail,DIA,0,1,,
Bridge Refill Market,retail,Erie,0,1,,
Colorado Cherry Company,retail,Multiple,0,1,,
Colorado Homestead,retail,Estes Park,0,1,,
Elkins Distilling,restaurant,Estes Park,0,1,,
Once Upon a Hive,retail,Estes Park,0,1,,
Rocky Mountain Majesty,retail,Estes Park,0,1,,
The Stanley Hotel,restaurant,Estes Park,0,1,,
Wild Spirits Gallery,retail,Estes Park,0,1,,
Folks Farm,retail,Fort Collins,0,1,,
Garden Sweet,retail,Fort Collins,0,1,,
Gardens on Spring Creek,retail,Fort Collins,0,1,,
Golden Poppy,retail,Fort Collins,0,1,,
The Cupboard,retail,Fort Collins,0,1,,
The Welsh Rabbit,retail,Fort Collins,0,1,,
Hampton Inn,restaurant,Fort Morgan,0,1,,
Tierra Luna,retail,Fort Morgan,0,1,,
Full Monty Liquors,retail,Grand Junction,0,1,,
Gunnison Jerky Co.,retail,Gunnison,0,1,,
Mountain Tool and Farm,retail,Idaho Springs,0,1,,
Slaymaker Cellars,restaurant,Idaho Springs,0,1,,
A Touch of Colorado,retail,Lakewood,0,1,,
O'Toole's Garden Center,retail,Lakewood,0,1,,
Tom's Brew Shop,retail,Lakewood,0,1,,
Bricks Retail,retail,Longmont,0,1,,
Longmont Vacuum,retail,Longmont,0,1,,
Plume and Furrow,retail,Longmont,0,1,,
The Flower Bin,retail,Longmont,0,1,,
7th Generation Farm,retail,Louisville,0,1,,
Olive & Herb,retail,Loveland,0,1,,
Let it Bee,retail,Lyons,0,1,,
Solace,retail,Lyons,0,1,,
Spirit Hound,restaurant,Lyons,0,1,,
Meadowsweet Gifts & Wellness,retail,Morrison,0,1,,
The Moxi Poppy,retail,Morrison,0,1,,
Quirky Homebrew Supply,retail,Northglenn,0,1,,
Plan Bee,retail,Thornton,0,1,,
Local Roots Vintage Market,retail,Walsenburg,0,1,,
Butterfly Pavilion,retail,Westminster,0,1,,
Twin Lakes General Store,retail,Twin Lakes,0,1,,
Rock Bottom Ranch,farm,Basalt,1,0,,
The Nell Gardens,farm,Aspen,1,0,,
Cross Creek Farms,farm,Hesperus,1,0,,
Eagle Springs Organic,farm,Silt,1,0,,
Hillside Acres,farm,unknown,1,0,,
Abundant Life Organic Farms,farm,Hotchkiss,1,0,Abundant Life Organic Farms,exact
Raincrow Farm,farm,Paonia,1,0,,
Alpenglow Mushrooms,farm,Montrose,1,0,,
Austin Family Farm,farm,Paonia,1,0,,
Mountain States Rosen,maker,Greeley,1,0,,
Jumpin' Good Goat Dairy,maker,Buena Vista,1,0,,
Mountain Oven,maker,Paonia,1,0,,
Figure 8 Farming,farm,Paonia,1,0,,
Groundwork Farm,farm,Paonia,1,0,,
Berry Fungi Farms,farm,Paonia,1,0,,
Elk Mountain Farmacy,maker,Hotchkiss,1,0,,
Wrich Ranches,farm,Crawford,1,0,,
Sunshine Ranch,farm,Hotchkiss,1,0,,
Homestead Meats,maker,Paonia,1,0,,
Farmhand's Harvest,farm,North Fork Valley,1,0,,
Corrida,restaurant,Boulder,0,2,,
Floradora Saloon,restaurant,Telluride,0,3,,
Café Diva,restaurant,Steamboat Springs,0,1,,
Mambo Italiano,restaurant,Steamboat Springs,0,1,,
Rocky Mountain Fresh,farm,Longmont,1,0,,
Field to Front Door,farm,Longmont,1,0,,
Picaflor,maker,Boulder,1,0,,
Merfs Condiments,maker,Denver,1,0,,
High Mountain Plains,farm,Cortez,1,0,,
Lost Creek Micro Farm,farm,Lakewood,1,0,,
Elevation Beef,farm,Fort Collins,1,0,,
Parker Pastures,farm,Gunnison,1,0,,
Gleason Bison,farm,Durango,1,0,,
Ferguson Farms,farm,Ridgway,1,0,,
Telluride Brewing Company,maker,Telluride,1,0,,
Stronghouse Brewery,maker,unknown,1,0,,
City Bakery,maker,Denver,0,0,,
McDonald Family Farm,farm,Brush,1,0,,
Tasty Tomato,farm,Yampa Valley,4,0,,
Cloverdale Farm,farm,Steamboat Springs,0,0,,
Moon Ranch,farm,unknown,0,0,,
Koberstein Farms,farm,Holyoke,1,0,,
Field to Fork CSA,farm,Palisade,1,0,,
High Country Orchards,farm,unknown,1,0,,
Bootheel 7 Ranch,farm,"Lusk, WY",1,0,,
SkyPilot Farm,farm,Longmont,1,0,,
Grama Grass & Livestock,farm,Longmont,1,0,,
Red Wagon Organic Farm,farm,Boulder,1,0,,
Aspen Moon Farm,farm,Longmont,1,0,Aspen Moon Farm,exact
Community Table Farm,farm,Longmont,1,0,,
Munson Farms,farm,Boulder,1,0,,
Rancho Durazno,farm,Palisade,1,0,,
Switch Gears Farm,farm,Longmont,1,0,Switch Gears Farm,exact
Rough & Ready Farm,farm,Longmont,1,0,,
Ollin Farms,farm,Longmont,1,0,,
The Truffle Cheese Shop,retail,Denver,1,0,,
Royal Crest Dairy,maker,Denver,1,0,,
Boulder Valley Naturals,maker,unknown,1,0,,
Teton Waters Ranch,maker,Denver,1,0,,
Udi's Gluten Free,maker,Denver,1,0,,
Nita Crisp,maker,Fort Collins,1,0,,
Table Mountain Farms,farm,Golden,1,0,,
Oxford Gardens,farm,Longmont,1,0,,
Agriburbia,farm,Golden,1,0,,
Novo Coffee,maker,Denver,1,0,,
Teakoe Tea Supply Co.,maker,Denver,1,0,,
Bhakti Chai,maker,Boulder,1,0,,
Black Shirt Brewing Co.,maker,Denver,1,0,,
Peak Spirits Farm Distillery,maker,Hotchkiss,1,0,,
The Real Dill,maker,Denver,1,0,,
Adobe Milling Co.,maker,Dove Creek,1,0,,
Izzio Artisan Bakery,maker,Louisville,1,0,,
Tender Belly,maker,Denver,1,0,,
Hayden Fresh Farm,farm,Hayden,2,0,,
Mesa Microgreens,farm,Silt,7,0,,
The Pullman,restaurant,Glenwood Springs,0,1,,
Aurum Snowmass,restaurant,Snowmass Village,0,1,,
PARC,restaurant,Aspen,0,1,,
Meat & Cheese Restaurant and Farm Shop,restaurant,Aspen,0,1,,
The Farmer and Chef,restaurant,Aspen,0,1,,
Nieslanik Beef,farm,Carbondale,1,0,Nieslanik Beef,exact
Marble Distilling Co.,maker,Carbondale,0,1,,
Potter Farms,farm,Carbondale,1,0,,
Roaring Fork Valley Co-op,retail,Carbondale,0,1,,
Arrowpoint Cattle Company,farm,Nathrop,1,0,,
Eddyline Restaurant at Southmain,restaurant,Buena Vista,0,1,,
The Triangle Oasis,farm,Salida,1,0,,
Rocky Mountain Garlic,farm,Salida,1,0,Rocky Mountain Garlic,exact
Mantis Kitchen,restaurant,Salida,0,2,,
Headwater Farms,farm,Buena Vista,1,0,,
The Lettucehead Food Company,retail,Buena Vista,0,1,,
Hutchinson Ranch,farm,Salida,1,0,,
Lago Trattoria,restaurant,Salida,0,1,,
