id,name,city,tagged,offers_csa,status,season_start,season_end,season_year,signup_url,pickup_sites,delivery,price,problems
barn-to-basket__,Barn to Basket,,False,unknown,unknown,,,,,0,,,
headwater-farms__chaffee,Headwater Farms,,False,True,full,,,,https://www.headwaterfarmco.com/csa,3,,,
mushroom-love-co__chaffee,Mushroom Love Co,,False,True,closed_season,,,2026,https://www.mushroomloveco.com/product-page/copy-of-mushroom-csa-2026,1,,$200 for 2026 season (about 15 lbs); monthly subscription $35/month (3 lbs),
valley-roots-food-hub__,Valley Roots Food Hub,,False,unknown,unknown,,,,https://valleyroots.localfoodmarketplace.com/Subscriptions,0,True,,
rio-grande-organic-growers-coop__alamosa,Rio Grande Organic Growers COOP,Alamosa,True,unknown,unknown,,,,,0,,,
crescendum-flower-farm__arvada,Crescendum Flower Farm,Arvada,True,True,open,,,2026,https://www.crescendumflowerfarm.com/csa-subscription,1,False,$250 for 2026 Late Summer CSA Bouquet Share (8 weeks),
gentle-earth-farm__arvada,Gentle Earth Farm,Arvada,False,True,unknown,,,2026,https://forms.gle/Vy68pbDYkM5B8uTy8,0,,,
grow-girl-organics__arvada,Grow Girl Organics,ARVADA,True,True,full,2026-05-01,2026-10-31,2026,https://growgirlorganics.com/csa,2,False,Large $900/season (6-8 items weekly); Basic $700 (4-6 weekly); Half $425 (4-6 bi-weekly); Working Share: work 12 hrs/month for $250 refund; flower partner share $280/10 weeks,
inti-farms__arvada,Inti Farms,Arvada,True,True,unknown,,,2026,https://forms.gle/hwmuvc91H8LheFDF9,0,,,
micro-farms__arvada,Micro Farms,Arvada,True,True,unknown,,,,https://microfarmscolorado.com/csa/,2,False,,
pioneer-farmsteaders-llc__arvada,"Pioneer Farmsteaders, LLC",Arvada,True,unknown,closed_season,,,,,0,,,
d-h-farms__ault,D & H Farms,Ault,True,True,unknown,2026-05-01,2026-10-31,2026,,0,,$550 summer share; $550 winter share,
delaney-community-farm-by-project-worthmore__aurora,DeLaney Community Farm - by Project Worthmore,Aurora,True,True,unknown,,,,https://projectworthmore.org/farmshares/,0,,,
homestead-farms-co__aurora,Homestead Farms Co.,Aurora,True,unknown,unknown,,,,,0,,,
rock-bottom-ranch-aces__basalt,Rock Bottom Ranch (ACES),Basalt,True,True,closed_season,2026-06-03,2026-10-04,2026,https://aspennature.org/locations/rock-bottom-ranch/sign-up-for-rock-bottom-ranch-csa/,2,,"$855 for 19 weeks (sliding scale available); Aspen Saturday Market CSA credit $125-$1,250 at 10% discount",
two-roots-farm-llc__basalt,Two Roots Farm LLC,Basalt,True,True,open,,,,https://www.tworootsfarm.com/csasignup,1,False,"Weekly $1,350; every other week $725 (20 weeks); signup page also shows veg shares from $755, flower shares from $160, sliding scale/supported shares",
homegrown-farm__bayfield,Homegrown Farm,Bayfield,True,True,full,,,2026,https://homegrownbiodynamics.com/csa/,1,False,$650 full season plus county sales tax (returning member discount),
dottie-s-garden-spot__berthoud,Dottie's Garden Spot,Berthoud,True,unknown,unknown,,,,,0,,,
star-view-farm__berthoud,Star View Farm,Berthoud,True,False,unknown,,,,,0,,,
three-sisters-farm-dairy__boone,Three Sisters Farm & Dairy,Boone,True,False,unknown,,,,,0,,,
63rd-st-farm__boulder,63rd St. Farm,Boulder,True,unknown,unknown,,,,,0,,,
boulder-valley-honey__boulder,Boulder Valley Honey,Boulder,True,False,unknown,,,,,0,,,
cultiva-youth-project__boulder,Cultiva! Youth Project,Boulder,True,unknown,unknown,,,,,0,,,
cure-organic-farm__boulder,Cure Organic Farm,Boulder,True,True,unknown,2026-06-01,2026-10-31,2026,https://www.cureorganicfarm.com/csa-program,3,,Traditional veg share $700 (20 wks); CSA Card $500 ($550 to spend); Fruit share $300 (15 wks); Egg share $175 (20 wks); Flower share $300 (15 wks),
growing-gardens__boulder,Growing Gardens,Boulder,True,True,open,2026-10-28,2026-12-16,2026,https://growinggardens.org/csa/,1,,"Fall share $450 for 8 weeks ($225 half upfront, balance due Oct 21)",
miraflora-farm__boulder,Miraflora Farm,Boulder,True,False,unknown,,,,,0,,,
off-beet-farm__boulder,Off Beet Farm,Boulder,True,True,unknown,,,,https://offbeetfarmcolorado.square.site/,0,False,,
berry-patch-farms-llc__brighton,"Berry Patch Farms, LLC",Brighton,True,True,opens_later,,,,https://berrypatchfarms.com/csa,2,False,Full share (20 wks) $870 City Park / $850 Brighton; half share (10 wks) $440 City Park / $430 Brighton; CSA Flex Card $300 ($325 value) or $500 ($540 value),
sun-catcher-farms-ldt__brighton,Sun Catcher Farms Ldt.,Brighton,True,unknown,unknown,,,,,0,,,
meadows-edge-farm__buena-vista,Meadows Edge Farm,Buena Vista,False,True,unknown,,,,,2,,,
songhaven-farm__cahone,SongHaven Farm,Cahone,True,True,unknown,,,,https://www.songhavenfarm.com/community-supported-agriculture.html,0,,,
new-roots-farm-llc__canon-city,New Roots Farm LLC,Canon City,True,True,open,,,,https://www.newrootsfarmllc.com/new-roots-farm-csa,2,False,"$660/share Colorado Springs pickup or $640/share Canon City on-farm pickup, plus $20 card fee",
dooley-creek-farm__carbondale,Dooley Creek Farm,Carbondale,True,True,open,,,,https://www.dooleycreekfarm.com/shop-csa,2,True,"$125/month or $1,500 full year",
sustainable-settings__carbondale,Sustainable Settings,Carbondale,True,unknown,unknown,,,,,0,,,
donoma-farms__carr,Donoma Farms,Carr,True,unknown,unknown,,,,,0,,,
high-on-the-hill-farm__ca-on-city,High On The Hill Farm,Cañon City,True,True,open,,,2026,https://www.highonthehillfarm.com/csa.html,0,,,
green-junction-farmstead__clifton,Green Junction Farmstead,CLIFTON,True,True,waitlist,,,2027,https://www.gjfarmstead.com/c-s-a,0,,,
emerge-aquaponics__colorado-springs,Emerge Aquaponics,Colorado Springs,True,False,unknown,,,,,0,,,
hillbilly-farms__colorado-springs,Hillbilly Farms,Colorado Springs,True,True,unknown,,,,,0,,Egg share $140 for 1 dozen/week over 26 weeks,
keelor-family-ranch__colorado-springs,Keelor Family Ranch,Colorado Springs,True,unknown,unknown,,,,,0,,,
sunshine-greens-farm__colorado-springs,Sunshine Greens Farm,Colorado Springs,True,unknown,unknown,,,,,0,,,
the-sleepy-turtle-coffee-co__colorado-springs,The Sleepy Turtle Coffee Co,Colorado Springs,False,unknown,unknown,,,,,0,,,
podunk-s-ranch__cortez,Podunk's Ranch,Cortez,True,unknown,unknown,,,,,0,,,
pedro-s-farm-formerly-borden-farms__delta,Pedro's Farm (formerly Borden Farms),Delta,True,True,full,2026-06-01,2026-09-30,2026,https://pedrosfarm.com/csa/,8,False,"$620/share (about $38/week), paid in full before season",
bonverts-farm__denver,Bonverts Farm,Denver,True,True,unknown,,,,https://bonverts-farm.localline.ca/bonverts,0,,,
colo-pac-produce-inc__denver,"Colo-Pac Produce, Inc.",Denver,True,unknown,unknown,,,,,0,,,
denver-urban-gardens-delaney-community-farm-aurora__denver,Denver Urban Gardens  DeLaney Community Farm (Aurora),Denver,True,True,unknown,2026-06-01,2026-10-31,2026,https://projectworthmore.org/farmshares/,0,,,
frontline-farming__denver,FrontLine Farming,Denver,True,True,open,,,,https://www.frontlinefarming.org/csa-form,3,True,2026: Single share (1-2 people) $496; Double share (3-5 people) $988; 16 weeks,
kristin-s-farm-stand__denver,Kristin's Farm Stand,Denver,True,unknown,unknown,,,,,0,,,
lost-greens-farm__denver,Lost Greens Farm,Denver,True,True,unknown,,,,,0,,,
queen-city-greens__denver,Queen City Greens,Denver,False,unknown,unknown,,,,,0,,,
sprout-city-farms__denver,Sprout City Farms,Denver,True,True,waitlist,2026-06-17,2026-10-14,2026,https://sproutcityfarms.org/csa-signup,1,False,,
adobe-house-farm__durango,Adobe House Farm,Durango,True,False,unknown,,,,,0,True,,
mountain-market-supply__eagle,Mountain Market & Supply,Eagle,False,unknown,unknown,,,,,0,,,
bluetrane-heritage-farm__elbert,BlueTrane Heritage Farm,Elbert,True,True,unknown,2026-06-05,2026-10-17,2026,https://bluetranegroup.com/csa,0,,$200/year (small chicken egg share) to $400/year (jumbo),
tpb-farms__elizabeth,TPB Farms,Elizabeth,True,unknown,unknown,,,,,0,,,
black-fox-provisions__evergreen,Black Fox Provisions,Evergreen,False,False,unknown,,,,https://www.gofarm.org/localfoodshare,1,,,
back-gate-farm__fort-collins,Back Gate Farm,Fort Collins,True,True,open,,,2026,http://www.backgatefarm.com/farm/csa-membership,1,False,$550 per season,
belafonte-farm__fort-collins,Belafonte Farm,Fort Collins,True,True,open,,,2026,https://belafontefarm.com/csa/,3,False,"Flexible market-credit eGift cards from $100 (suggested $100-$200 trial up to $1,000-$2,000+ for multiple families); 10% off with code CSA2026",
blue-barrel-farm__fort-collins,Blue Barrel Farm,Fort Collins,True,unknown,unknown,,,,,0,,,
fat-donkey-farm__fort-collins,Fat Donkey Farm,Fort Collins,True,True,full,2026-07-01,2026-10-21,2026,http://www.fatdonkey.farm/shop,1,False,"Small $424, Medium $667, Large $910 (full season)",
hope-farms__fort-collins,Hope Farms,Fort Collins,True,True,unknown,,,,,1,,$300/season (20 shares) per directory listing,
jodar-farms__fort-collins,Jodar Farms,Fort Collins,False,True,open,2026-12-01,2027-04-30,2027,https://www.Jodarfarms.com/csamemberships,4,,"Prepaid store credit: XS $240, S $345, M $455, L $675, plus $15 membership fee",
native-hill-farm__fort-collins,Native Hill Farm,Fort Collins,True,True,open,2026-11-01,2027-03-31,2027,https://www.nativehillfarm.com/winter-share,3,False,"Winter share $425 (incl $15 fee); Summer 2026: S $365, M $565, L $765",
owltree-farm__fort-collins,Owltree Farm,Fort Collins,False,True,closed_season,,,2026,https://www.owltreefarmco.com/csa,1,True,$450 membership (includes $500 farm stand gift card),
ela-family-farms__hotchkiss,Ela Family Farms,Hotchkiss,True,True,closed_season,,,2026,https://elafamilyfarms.com/csa-fruit-shares/,8,False,,
monroe-family-farm-llc__kersey,"Monroe Family Farm, LLC",KERSEY,True,True,unknown,,,2026,https://monroefarm.com/summer-shares/,1,False,,
father-earth-organic-farm-llc__lafayette,Father Earth Organic Farm LLC,Lafayette,True,True,closed_season,,,2026,https://fatherearthorganicfarm.com/csa.htm,1,False,$760 for 20 weeks ($38/week),
fleischer-family-farm__lakewood,Fleischer Family Farm,Lakewood,True,True,full,,,2026,https://www.fleischerfamilyfarm.com,2,,"Weekly $625, Biweekly $375, Family $900 (18 weeks), Canning $300 (5 pickups)",
gaia-s-farm-gardens__laporte,Gaia's Farm & Gardens,Laporte,True,True,unknown,,,,,1,,,
busy-bee-farm__larkspur,Busy Bee Farm,Larkspur,True,unknown,unknown,,,,,0,,,
ladymoon-org__livermore,LadyMoon.Org,Livermore,True,unknown,unknown,,,,,0,,,
roots-from-eden-csa-market-and-bakery__loma,Roots From Eden CSA Market and Bakery,Loma,True,True,unknown,,,,,0,,,
100x-farm__longmont,100x Farm,Longmont,False,True,unknown,,,,,0,,,
aspen-moon-farm__longmont,Aspen Moon Farm,Longmont,True,True,unknown,2026-05-20,2026-12-02,2026,https://aspenmoonfarm.csaware.com/store/,3,,,
bonavida-growers__longmont,Bonavida Growers,Longmont,True,True,unknown,,,,,0,,,
kilt-farm__longmont,Kilt Farm,Longmont,True,True,opens_later,,,,https://www.kiltfarm.com/csa,4,True,,
modern-farmsteads__longmont,Modern Farmsteads,Longmont,False,unknown,unknown,,,,,0,,,
sunflower-farm-acres__longmont,Sunflower Farm Acres,LONGMONT,True,True,full,,,2026,https://www.sunflowerfarmacres.com/store/csa,3,,Fall 8-week veg share: $320 regular / $416 family (2026),
switch-gears-farm__longmont,Switch Gears Farm,Longmont,True,True,closed_season,2026-05-18,2026-10-12,2026,https://grownby.com/farms/switch-gears-farm/shop,7,True,Half share $30/week ($630 season); full share $41/week ($861 season),
mountain-roots-produce__mancos,Mountain Roots Produce,Mancos,True,True,closed_season,2026-06-03,2026-10-31,2026,https://mountainrootsproduce.com/farm-membership,1,False,$500 or $300 prepaid farm-stand membership (10% bonus credit),
southwest-farm-fresh-harvest-shares__mancos,Southwest Farm Fresh Harvest Shares,Mancos,True,unknown,unknown,,,,,0,,,
tumbleweed-bread__monte-vista,Tumbleweed Bread,Monte Vista,False,False,unknown,,,,,0,,,
circle-a-garden__montrose,Circle A Garden,Montrose,True,True,unknown,,,,https://www.circleagarden.com/csa-information/,1,,"Full $1,500 + 12 hrs work; Mini $1,100 + 12 hrs; Tiny $850 + 12 hrs (2020 prices)",
indian-ridge-farm__norwood,Indian Ridge Farm,Norwood,True,False,unknown,,,,,0,,,
grace-hill-farm__nunn,Grace Hill Farm,Nunn,True,False,unknown,,,,,0,,,
ahavah-farm__peyton,Ahavah Farm,Peyton,True,True,open,2027-02-12,,2027,https://www.ahavahfarm.com/csa,4,True,"Winter 2027: Small $219, Medium $309, Large $399 (per season)",
knapp-farms-llc__rocky-ford-co,KNAPP FARMS LLC,"Rocky Ford, CO",True,True,closed_season,,,2026,https://www.knappsfarmmarket.com/csa,1,,Prepaid account balance: Option A from $500; Option C $440 balance; Option D $550 value (10% bonus),
green-earth-farm__saguache,Green Earth Farm,Saguache,True,False,unknown,,,,,0,,,
gina-marcell__salida,Gina Marcell,Salida,True,False,unknown,,,,,0,,,
market-on-main-st-the-triangle-oasis__salida,Market on Main St. (The Triangle Oasis),Salida,False,False,unknown,,,,,0,,,
moonstone-farm__salida,Moonstone Farm,Salida,False,unknown,unknown,,,,,0,,,
rocky-mountain-garlic__salida,Rocky Mountain Garlic,Salida,True,True,open,,,2026,http://www.rockymountaingarlic.net/csa,0,,,
the-triangle-oasis__salida,The Triangle Oasis,Salida,True,True,unknown,2026-06-26,2026-10-24,2026,https://www.thetriangleoasis.com/farmstand,2,,"Bachelor(ette) $275, Couple $550, Family $1,100, Summer Flower subscription $120",
sandy-s-way-microfarm__sedalia,Sandy's Way Microfarm,Sedalia,True,True,open,,,,https://sandyswayfarm.com/pages/harvest-membership-a,1,True,"Prepaid credit: $300 (gets $330), $500 ($550), $700 ($770); Table Member $1,500 ($1,650+, limited to 15)",
highwater-farm__silt,Highwater Farm,Silt,True,True,full,,,2026,https://docs.google.com/forms/d/e/1FAIpQLSfLPv7TykNDA4M4mIi4H2A2MRZUlrIXYKUfNQYrVSYcqjpC8g/viewform?usp=publish-editor,3,True,,
wolf-creek-fresh__strasburg,Wolf Creek Fresh,Strasburg,True,True,closed_season,2026-06-20,2026-10-03,2026,https://www.wolfcreekfresh.com/csa,1,,Full share $500/season ($39/week); Half share $250/season ($20/week),
grant-farms-csa__wellington,Grant Farms CSA,Wellington,True,True,unknown,,,,,0,,,
earth-mountain-education-farm__weston,Earth Mountain Education Farm,Weston,True,True,unknown,,,,,0,,,
inti-farms__wheat-ridge,Inti Farms,wheat ridge,False,True,unknown,,,2026,,0,,,
