Event,Kind,Town,Region,Venue,Season,Start,End,Recurrence,Status,Host,Website,Description,Source URLs,Researched,Found Via
Rock Bottom Ranch Farm to Table Dinners,farm,Basalt,Roaring Fork,Rock Bottom Ranch,Late June–August,,,"Several Thursday/Friday pairs each summer (2025: Jun 26–27, Jul 31–Aug 1, Aug 21–22)",dates-pending,Rock Bottom Ranch,https://www.aspennature.org/activity/farm-to-table-dinners/,"Four-course dinners on the ranch, cooked by guest chefs from the ranch's own vegetables and meat.",https://www.aspennature.org/activity/farm-to-table-dinners/,2026-10-04,Roaring Fork + Farm Map (carbondale.com/roaring-fork-farm-map)
Heritage Fire Snowmass,food,Snowmass Village,Roaring Fork,Snowmass Base Village,Late July–August,2026-08-01,2026-08-01,Annual,canceled,,https://events.heritagefiretour.com/,"Live-fire cooking festival: chefs roast heritage-breed animals from family farms. The 2026 date was canceled because of fire restrictions.",https://events.heritagefiretour.com/; https://www.gosnowmass.com/press-release/snowmass-tourism-debuts-2026-summer-event-lineup-featuring-two-new-events/,2026-10-04,Roaring Fork + Farm Map (carbondale.com/roaring-fork-farm-map)
FOOD & WINE Classic in Aspen,food,Aspen,Roaring Fork,Downtown Aspen tents (Wagner Park),June,2026-06-19,2026-06-21,Annual (3rd weekend of June); 2027: Jun 18–20 (unconfirmed),scheduled,,https://www.aspensnowmass.com/visit/events/food-and-wine-classic-in-aspen,"National culinary festival with tastings, chef demos and seminars.",https://www.aspensnowmass.com/visit/events/food-and-wine-classic-in-aspen,2026-10-04,Roaring Fork + Farm Map (carbondale.com/roaring-fork-farm-map)
Carbondale Dandelion Day,community,Carbondale,Roaring Fork,Sopris Park (Parade of Species on Main St),May,2026-05-09,2026-05-09,Annual (2nd Saturday of May),scheduled,,https://www.carbondale.com/events/dandelion-day-2/,"Free spring and sustainability festival with local farmers, nonprofits and vendors. 10am–5pm.",https://www.carbondale.com/events/dandelion-day-2/,2026-10-04,Roaring Fork + Farm Map (carbondale.com/roaring-fork-farm-map)
Snowmass Rodeo,ranch,Snowmass Village,Roaring Fork,Snowmass Rodeo Grounds,June–August,2026-06-17,2026-08-19,Every Wednesday,scheduled,,https://www.gosnowmass.com/event/snowmass-rodeo/2026-06-17/,"Weekly western rodeo with a barbecue; gates 5pm, rodeo 7–9pm. 52nd season in 2026.",https://www.gosnowmass.com/event/snowmass-rodeo/2026-06-17/,2026-10-04,Roaring Fork + Farm Map (carbondale.com/roaring-fork-farm-map)
Carbondale Wild West Rodeo,ranch,Carbondale,Roaring Fork,"Gus Darien Riding Arena, County Road 100",June–August,2026-06-04,2026-08-20,Every Thursday,scheduled,,https://carbondalerodeo.com/,"Weekly community rodeo; gates 5pm, grand entry 7:30pm. Tickets also at the Roaring Fork Valley Co-op.",https://carbondalerodeo.com/,2026-10-04,Roaring Fork + Farm Map (carbondale.com/roaring-fork-farm-map)
Glenwood Springs Holiday Bazaar,community,Glenwood Springs,Roaring Fork,"Glenwood Springs Community Center, 100 Wulfsohn Rd",Early December,,,Annual (1st Saturday of December; 2025: Dec 6),dates-pending,,https://cogs.us/Calendar.aspx?EID=2817,"Holiday artisan market with 50+ makers, including local food artisans. 9am–4pm.",https://cogs.us/Calendar.aspx?EID=2817,2026-10-04,Roaring Fork + Farm Map (carbondale.com/roaring-fork-farm-map)
Guidestone Pumpkin Patch & Harvest Festival,farm,Salida,Upper Arkansas Valley,"Hutchinson Homestead, 8913 W Hwy 50",October,2026-10-02,2026-10-11,"Two weekends (2026: Oct 2–4 and 9–11), 9am–12pm and 1–4pm; 20th year in 2026",scheduled,,https://guidestonecolorado.org/events/list/,Pumpkin patch and harvest activities at the 1867 Hutchinson homestead.,https://guidestonecolorado.org/events/list/,2026-10-04,Chaffee County research (Plan a Day)
Brunch Series at the Homestead,food,Salida,Upper Arkansas Valley,"Hutchinson Homestead, 8913 W Hwy 50",June–August,2026-06-14,2026-08-09,"Second Sunday of the month (2026: Jun 14, Jul 12, Aug 9)",scheduled,,https://events.humanitix.com/brunch-series-at-the-homestead,"Guidestone brunches built around named local producers, including Hutchinson Ranch, Phytology Flowers and Sweet Pea Farm.",https://events.humanitix.com/brunch-series-at-the-homestead,2026-10-04,Chaffee County research (Plan a Day)
Chaffee County Fair & Rodeo,ranch,Salida,Upper Arkansas Valley,"Chaffee County Fairgrounds, 10165 County Road 120",Late July,2026-07-24,2026-08-01,Annual (39th in 2026),scheduled,,https://extension.colostate.edu/chaffee/chaffee-county-fair/,"4-H fair with livestock shows and a pro rodeo.",https://extension.colostate.edu/chaffee/chaffee-county-fair/,2026-10-04,Chaffee County research (Plan a Day)
AppleFest,farm,Buena Vista,Upper Arkansas Valley,"Turner Farm & Apple Orchard, 829 W Main St",September,2026-09-12,2026-09-12,"Annual, mid-September; 10am–3pm",scheduled,,https://www.buenavistaheritage.org/calendar-of-events/applefest,"Cider pressing, a pie contest and tours of Buena Vista Heritage's historic farm and orchard.",https://www.buenavistaheritage.org/calendar-of-events/applefest,2026-10-04,Chaffee County research (Plan a Day)
Chaffee County Winter Farmers Market,farm,Salida,Upper Arkansas Valley,"Chaffee County Fairgrounds, 10165 County Road 120",November–December,2026-11-14,2026-12-19,"Every Saturday, 10am–1pm",scheduled,,https://foodshedalliance.com/discover-the-market,Indoor winter market with 40+ local vendors (Foodshed Alliance).,https://foodshedalliance.com/discover-the-market,2026-10-04,Chaffee County research (Plan a Day)
