supplier,buyer,buyer_city,buyer_website,source,scraped
Bee Squared Apiaries,Gaylord Rockies Hotel,Aurora,https://tinyurl.com/gaylord-hotel/,https://bethsbees.com/local-sources-of-bee-squared-products/,2026-10-03
Bee Squared Apiaries,Berthoud Drug,Berthoud,https://www.berthouddrug.com/,https://bethsbees.com/local-sources-of-bee-squared-products/,2026-10-03
Bee Squared Apiaries,Hays Market,Berthoud,https://haysmarket.com/,https://bethsbees.com/local-sources-of-bee-squared-products/,2026-10-03
Bee Squared Apiaries,The Rancher’s Wife,Berthoud,https://thecupboard.net/,https://bethsbees.com/local-sources-of-bee-squared-products/,2026-10-03
Bee Squared Apiaries,Wishful Living,Berthoud,https://www.wishfulliving.com/,https://bethsbees.com/local-sources-of-bee-squared-products/,2026-10-03
Bee Squared Apiaries,Blackbelly Market,Boulder,https://www.blackbelly.com/,https://bethsbees.com/local-sources-of-bee-squared-products/,2026-10-03
Bee Squared Apiaries,Boulder Olive Oil Co.,Boulder,https://www.boulderoliveoil.com/,https://bethsbees.com/local-sources-of-bee-squared-products/,2026-10-03
Bee Squared Apiaries,Savannah Bee,Boulder,https://savannahbee.com/pages/our-stores/,https://bethsbees.com/local-sources-of-bee-squared-products/,2026-10-03
Bee Squared Apiaries,The Beekeepers Den,Brighton,https://darbees.com/,https://bethsbees.com/local-sources-of-bee-squared-products/,2026-10-03
Bee Squared Apiaries,Bread & Butter Neighborhood Market,Colorado Springs,https://breadandbuttermarket.com/,https://bethsbees.com/local-sources-of-bee-squared-products/,2026-10-03
Bee Squared Apiaries,Painted Tree Boutiques,Colorado Springs,https://paintedtree.com/stores/colorado-springs-colorado/,https://bethsbees.com/local-sources-of-bee-squared-products/,2026-10-03
Bee Squared Apiaries,3 Arrows Gallery,Denver,https://threearrowsgallery.com/,https://bethsbees.com/local-sources-of-bee-squared-products/,2026-10-03
Bee Squared Apiaries,Cheyenne Fencing Club,Denver,https://www.coloradofencing.com/,https://bethsbees.com/local-sources-of-bee-squared-products/,2026-10-03
Bee Squared Apiaries,City Floral,Denver,https://cityfloralgreenhouse.com/,https://bethsbees.com/local-sources-of-bee-squared-products/,2026-10-03
Bee Squared Apiaries,Denver Botanic Gardens,Denver,https://www.botanicgardens.org/,https://bethsbees.com/local-sources-of-bee-squared-products/,2026-10-03
Bee Squared Apiaries,I Heart Denver Store,Denver,https://iheartdenverstore.com/,https://bethsbees.com/local-sources-of-bee-squared-products/,2026-10-03
Bee Squared Apiaries,Law’s Whiskey House,Denver,https://lawswhiskeyhouse.com/,https://bethsbees.com/local-sources-of-bee-squared-products/,2026-10-03
Bee Squared Apiaries,PineMelon,Denver,https://pinemelon.com/#/,https://bethsbees.com/local-sources-of-bee-squared-products/,2026-10-03
Bee Squared Apiaries,Ruby’s Market,Denver,https://rubysmarketdenver.com/,https://bethsbees.com/local-sources-of-bee-squared-products/,2026-10-03
Bee Squared Apiaries,St. Kilian’s Cheese Shop and Market,Denver,https://stkilianscheeseshop.com/,https://bethsbees.com/local-sources-of-bee-squared-products/,2026-10-03
Bee Squared Apiaries,Wooden Spoon Cafe and Bakery,Denver,https://woodenspoondenver.com/,https://bethsbees.com/local-sources-of-bee-squared-products/,2026-10-03
Bee Squared Apiaries,Black Canyon,DIA,https://www.flydenver.com/shop/black-canyon-market-goods/,https://bethsbees.com/local-sources-of-bee-squared-products/,2026-10-03
Bee Squared Apiaries,James Ranch Market,Durango,https://jamesranch.net/market/,https://bethsbees.com/local-sources-of-bee-squared-products/,2026-10-03
Bee Squared Apiaries,Bridge Refill Market,Erie,https://www.bridgerefill.com/,https://bethsbees.com/local-sources-of-bee-squared-products/,2026-10-03
Bee Squared Apiaries,Colorado Cherry Company,Estes Park,https://www.coloradocherrycompany.com/,https://bethsbees.com/local-sources-of-bee-squared-products/,2026-10-03
Bee Squared Apiaries,Colorado Homestead,Estes Park,https://www.facebook.com/Colorado.Homestead/,https://bethsbees.com/local-sources-of-bee-squared-products/,2026-10-03
Bee Squared Apiaries,Elkins Distilling,Estes Park,https://www.facebook.com/elkinswhisky/,https://bethsbees.com/local-sources-of-bee-squared-products/,2026-10-03
Bee Squared Apiaries,Once Upon a Hive,Estes Park,https://www.facebook.com/onceuponahive/,https://bethsbees.com/local-sources-of-bee-squared-products/,2026-10-03
Bee Squared Apiaries,Rocky Mountain Majesty,Estes Park,https://www.rockymountainmajesty.com/,https://bethsbees.com/local-sources-of-bee-squared-products/,2026-10-03
Bee Squared Apiaries,The Stanley Hotel,Estes Park,https://www.stanleyhotel.com/,https://bethsbees.com/local-sources-of-bee-squared-products/,2026-10-03
Bee Squared Apiaries,Wild Spirits Gallery,Estes Park,https://www.wildspiritsgalleryestespark.com/,https://bethsbees.com/local-sources-of-bee-squared-products/,2026-10-03
Bee Squared Apiaries,Folks Farm,Fort Collins,https://www.folksfarmandseed.com/,https://bethsbees.com/local-sources-of-bee-squared-products/,2026-10-03
Bee Squared Apiaries,Garden Sweet,Fort Collins,https://gardensweet.com/,https://bethsbees.com/local-sources-of-bee-squared-products/,2026-10-03
Bee Squared Apiaries,Gardens on Spring Creek,Fort Collins,https://www.fcgov.com/gardens/,https://bethsbees.com/local-sources-of-bee-squared-products/,2026-10-03
Bee Squared Apiaries,Golden Poppy,Fort Collins,https://www.goldenpoppyherbs.com/,https://bethsbees.com/local-sources-of-bee-squared-products/,2026-10-03
Bee Squared Apiaries,Murdoch’s,Fort Collins,https://www.murdochs.com/stores/,https://bethsbees.com/local-sources-of-bee-squared-products/,2026-10-03
Bee Squared Apiaries,The Cupboard,Fort Collins,https://thecupboard.net/,https://bethsbees.com/local-sources-of-bee-squared-products/,2026-10-03
Bee Squared Apiaries,The Welsh Rabbit,Fort Collins,https://www.thewelshrabbit.com/,https://bethsbees.com/local-sources-of-bee-squared-products/,2026-10-03
Bee Squared Apiaries,Hampton Inn,Fort Morgan,https://www.hilton.com/en/hotels/denfmhx-hampton-fort-morgan/,https://bethsbees.com/local-sources-of-bee-squared-products/,2026-10-03
Bee Squared Apiaries,Tierra Luna,Fort Morgan,https://tierralunamercantile.com/,https://bethsbees.com/local-sources-of-bee-squared-products/,2026-10-03
Bee Squared Apiaries,Full Monty Liquors,Grand Junction,https://www.facebook.com/FullMontyLiquors/,https://bethsbees.com/local-sources-of-bee-squared-products/,2026-10-03
Bee Squared Apiaries,Gunnison Jerky Co.,Gunnison,https://gunnisonjerkyco.com/,https://bethsbees.com/local-sources-of-bee-squared-products/,2026-10-03
Bee Squared Apiaries,Cheese Ranch,Golden,https://cheeseranch.com/,https://bethsbees.com/local-sources-of-bee-squared-products/,2026-10-03
Bee Squared Apiaries,Mountain Tool and Farm,Idaho Springs,https://www.mountaintoolandfeed.com/,https://bethsbees.com/local-sources-of-bee-squared-products/,2026-10-03
Bee Squared Apiaries,Slaymaker Cellars,Idaho Springs,https://www.slaymakercellars.com/,https://bethsbees.com/local-sources-of-bee-squared-products/,2026-10-03
Bee Squared Apiaries,Hays Market,Johnstown,https://haysmarket.com/,https://bethsbees.com/local-sources-of-bee-squared-products/,2026-10-03
Bee Squared Apiaries,Murdoch's,Johnstown,https://www.murdochs.com/stores/johnstown/,https://bethsbees.com/local-sources-of-bee-squared-products/,2026-10-03
Bee Squared Apiaries,A Touch of Colorado,Lakewood,https://www.facebook.com/A-Touch-Of-Colorado-214771035211407/,https://bethsbees.com/local-sources-of-bee-squared-products/,2026-10-03
Bee Squared Apiaries,O'Toole's Garden Center,Lakewood,https://www.otoolesgardencenters.com/,https://bethsbees.com/local-sources-of-bee-squared-products/,2026-10-03
Bee Squared Apiaries,Tom’s Brew Shop,Lakewood,https://tomsbrewshop.com/,https://bethsbees.com/local-sources-of-bee-squared-products/,2026-10-03
Bee Squared Apiaries,Littleton Meats,Littleton,https://www.littletonmeats.com/,https://bethsbees.com/local-sources-of-bee-squared-products/,2026-10-03
Bee Squared Apiaries,Bricks Retail,Longmont,https://www.bricksretail.com/,https://bethsbees.com/local-sources-of-bee-squared-products/,2026-10-03
Bee Squared Apiaries,Cheese Importers,Longmont,https://cheeseimporters.com/,https://bethsbees.com/local-sources-of-bee-squared-products/,2026-10-03
Bee Squared Apiaries,Longmont Vacuum,Longmont,https://longmont-vacuum.com/,https://bethsbees.com/local-sources-of-bee-squared-products/,2026-10-03
Bee Squared Apiaries,Murdoch’s,Longmont,https://www.murdochs.com/stores/,https://bethsbees.com/local-sources-of-bee-squared-products/,2026-10-03
Bee Squared Apiaries,Plume and Furrow,Longmont,https://www.plumeandfurrow.com/,https://bethsbees.com/local-sources-of-bee-squared-products/,2026-10-03
Bee Squared Apiaries,The Flower Bin,Longmont,https://www.theflowerbin.net/,https://bethsbees.com/local-sources-of-bee-squared-products/,2026-10-03
Bee Squared Apiaries,7th Generation Farm,Louisville,http://www.7thgenerationfarm.com/,https://bethsbees.com/local-sources-of-bee-squared-products/,2026-10-03
Bee Squared Apiaries,Colorado Cherry Company,Loveland,https://www.coloradocherrycompany.com/,https://bethsbees.com/local-sources-of-bee-squared-products/,2026-10-03
Bee Squared Apiaries,Olive & Herb,Loveland,https://oliveherbco.com/,https://bethsbees.com/local-sources-of-bee-squared-products/,2026-10-03
Bee Squared Apiaries,Colorado Cherry Company,Lyons,https://www.coloradocherrycompany.com/,https://bethsbees.com/local-sources-of-bee-squared-products/,2026-10-03
Bee Squared Apiaries,Let it Bee,Lyons,https://www.facebook.com/4689UteHwy66.Lyons.Colorado/,https://bethsbees.com/local-sources-of-bee-squared-products/,2026-10-03
Bee Squared Apiaries,Solace,Lyons,https://solaceoflyons.com/,https://bethsbees.com/local-sources-of-bee-squared-products/,2026-10-03
Bee Squared Apiaries,Spirit Hound,Lyons,https://commerce.arryved.com/location/BEX7E-u1/modality/pickup/,https://bethsbees.com/local-sources-of-bee-squared-products/,2026-10-03
Bee Squared Apiaries,St. Vrain Market,Lyons,https://www.stvrainmarket.com/,https://bethsbees.com/local-sources-of-bee-squared-products/,2026-10-03
Bee Squared Apiaries,Meadowsweet Gifts & Wellness,Morrison,https://www.herbinalchemy.com/,https://bethsbees.com/local-sources-of-bee-squared-products/,2026-10-03
Bee Squared Apiaries,The Moxi Poppy,Morrison,https://www.facebook.com/themoxipoppy/,https://bethsbees.com/local-sources-of-bee-squared-products/,2026-10-03
Bee Squared Apiaries,Quirky Homebrew Supply,Northglenn,https://www.quirkyhomebrew.com/,https://bethsbees.com/local-sources-of-bee-squared-products/,2026-10-03
Bee Squared Apiaries,3 Arrows Gallery,Park Hill,https://threearrowsgallery.com/,https://bethsbees.com/local-sources-of-bee-squared-products/,2026-10-03
Bee Squared Apiaries,Honey N More Store,Raton,https://www.facebook.com/profile.php?id=100029668246956/,https://bethsbees.com/local-sources-of-bee-squared-products/,2026-10-03
Bee Squared Apiaries,Plan Bee,Thornton,https://www.bees-bees-bees.com/,https://bethsbees.com/local-sources-of-bee-squared-products/,2026-10-03
Bee Squared Apiaries,Local Roots Vintage Market,Walsenburg,https://www.localrootsmarket.com/,https://bethsbees.com/local-sources-of-bee-squared-products/,2026-10-03
Bee Squared Apiaries,Butterfly Pavilion,Westminster,https://butterflies.org/,https://bethsbees.com/local-sources-of-bee-squared-products/,2026-10-03
Bee Squared Apiaries,Heinie’s Market,Wheat Ridge,https://www.colorado.com/culinary-activities/heinies-market/,https://bethsbees.com/local-sources-of-bee-squared-products/,2026-10-03
Bee Squared Apiaries,Colorado Cherry Company,Windsor,https://www.coloradocherrycompany.com/,https://bethsbees.com/local-sources-of-bee-squared-products/,2026-10-03
Bee Squared Apiaries,Twin Lakes General Store,Twin Lakes,https://www.twinlakesgs.com/,https://bethsbees.com/local-sources-of-bee-squared-products/,2026-10-03
