Vendor Name,Market,County,Reason,Source URLs,Date
Birdstory Nursery,Crested Butte Farmers Market,Delta,Own site: Paonia nursery,https://birdstorynursery.com/,2026-10-08
Honey Moon Mesa,Crested Butte Farmers Market,Delta,Hotchkiss/Paonia (Delta County); MarketSpread,https://marketspread.com/vendor/98858/honey-moon-mesa/,2026-10-08
Miss Penn's Mountain Seeds,Crested Butte Farmers Market,Custer,Westcliffe (Custer County),https://marketspread.com/vendor/194018/miss-penns-mountain-seeds/,2026-10-08
Mountain Bird,Crested Butte Farmers Market,Delta,"Own site: 12273 Crawford Rd, Paonia",https://mountainbird.co,2026-10-08
Mushroom Mesa,Crested Butte Farmers Market,Delta,Crawford (Delta County); MarketSpread only,https://marketspread.com/vendor/152522/mushroom-mesa/,2026-10-08
Osito Farms,Crested Butte Farmers Market,Delta,"11550 3100 Rd, Hotchkiss (Rogers Mesa)",https://realorganicproject.org/directory/osito-farms-organic-orchard-and-vineyard/,2026-10-08
Pantoja's Family Farms,Crested Butte Farmers Market,Delta,"Delta, CO address (CCOF); may be mailing address",https://ccof.org/directory-member/pantojas-family-farms-llc/,2026-10-08
Pedro's Farms LLC,Crested Butte Farmers Market,Montrose,"Pedro's Farm, 51245 Carnation Rd (Pea Green, Montrose County; mailing city Delta); probable, no source states the county",https://pedrosfarm.com,2026-10-08
Rock 'n Roots Farm,Crested Butte Farmers Market,Delta,"16451 Grange Rd, Paonia",https://naturallygrown.org/?p=17006,2026-10-08
The Stone Fruit Company,Crested Butte Farmers Market,Mesa,Palisade (3525 G Rd),https://marketspread.com/vendor/151427/the-stone-fruit-company/,2026-10-08
The Yurtstead LLC,Crested Butte Farmers Market,Montrose,Own site: Coal Creek Valley near Montrose,https://www.theyurtstead.com,2026-10-08
Thistle Whistle Farm,Crested Butte Farmers Market,Delta,Hotchkiss,https://thistlewhistlefarm.website.localline.ca/,2026-10-08
Zephyros Farm and Garden,Crested Butte Farmers Market,Delta,Paonia,https://realorganicproject.org/directory/zephyros-farm-and-garden/,2026-10-08
