City,County,Basis,Note
Akron,Washington,dataset,
Alma,Park,dataset,
Arvada,Jefferson,dataset+manual,City spans Jefferson/Adams; primary county shown
Aspen,Pitkin,dataset,
Aurora,Arapahoe,dataset+manual,City spans Arapahoe/Adams/Douglas; primary county shown
Berthoud,Larimer,dataset+manual,City spans Larimer/Weld; primary county shown
Black Forest,El Paso,dataset,
Boulder,Boulder,dataset,
Breckenridge,Summit,dataset,
Brighton,Adams,dataset+manual,City spans Adams/Weld; primary county shown
Broomfield,Broomfield,dataset+manual,
Buena Vista,Chaffee,dataset+manual,
Canon City,Fremont,dataset,
Carr,Weld,dataset,
Centennial,Arapahoe,dataset,
Center,Saguache,manual,City spans Saguache/Rio Grande; primary county shown
Clark,Routt,manual,
Coaldale,Fremont,dataset,
Colorado Springs,El Paso,dataset,
Cortez,Montezuma,dataset,
Cotopaxi,Fremont,dataset,
Craig,Moffat,dataset,
Crested Butte,Gunnison,dataset,
Del Norte,Rio Grande,dataset+manual,
Denver,Denver,dataset+manual,
Dillon,Summit,dataset,
Dinosaur,Moffat,manual,
Durango,La Plata,dataset,
Edgewater,Jefferson,dataset,
Edwards,Eagle,dataset,
Englewood,Arapahoe,dataset,
Erie,Weld,dataset+manual,City spans Weld/Boulder; primary county shown
Evergreen,Jefferson,dataset+manual,
Fairplay,Park,dataset,
Fort Collins,Larimer,dataset,
Frederick,Weld,dataset,
Glenwood Springs,Garfield,dataset,
Golden,Jefferson,dataset,
Granby,Grand,dataset,
Greeley,Weld,dataset,
Gunnison,Gunnison,dataset,
Hamilton,Moffat,manual,
Haxtun,Phillips,dataset+manual,
Hayden,Routt,dataset,
Hotchkiss,Delta,dataset,
Howard,Fremont,manual,
Hygiene,Boulder,manual,
Kersey,Weld,dataset,
Kremmling,Grand,manual,
Lafayette,Boulder,dataset,
Lakewood,Jefferson,dataset,
Littleton,Arapahoe,dataset+manual,City spans Arapahoe/Jefferson/Douglas; primary county shown
Longmont,Boulder,dataset+manual,City spans Boulder/Weld; primary county shown
Louisville,Boulder,dataset,
Loveland,Larimer,dataset,
Lyons,Boulder,dataset,
Mead,Weld,dataset,
Meeker,Rio Blanco,dataset,
Montrose,Montrose,dataset,
Mountain Village,San Miguel,dataset,
Nederland,Boulder,dataset,
Niwot,Boulder,manual,
Oak Creek,Routt,dataset,
Orchard City,Delta,manual,
Palisade,Mesa,dataset,
Paonia,Delta,dataset,
Platteville,Weld,dataset,
Poncha Springs,Chaffee,dataset,
Pueblo,Pueblo,dataset,
Ridgway,Ouray,dataset,
Roggen,Weld,manual,
Saguache,Saguache,dataset,
Salida,Chaffee,dataset,
Seibert,Kit Carson,dataset,
Sheridan,Arapahoe,dataset,
Steamboat Springs,Routt,dataset,
Superior,Boulder,dataset,City spans Boulder/Jefferson; primary county shown
Telluride,San Miguel,dataset,
Thornton,Adams,dataset,City spans Adams/Weld; primary county shown
Toponas,Routt,manual,
Vail,Eagle,dataset,
Westcliffe,Custer,dataset,
Westminster,Adams,dataset,City spans Adams/Jefferson; primary county shown
Wheat Ridge,Jefferson,dataset,
Woodland Park,Teller,dataset,
Yampa,Routt,dataset,
