Prospect Name,Verdict,Reason,Date
4 Corners Worm Farm,not_qualified,"Sells worms, castings and compost kits; not a food, plant or flower producer.",2026-10-08
5K Ranch,qualified,"Family Akaushi Wagyu beef ranch near Clark, listed as a vendor of Yampa Valley Foods.",2026-10-08
A SECRET GARDEN,unclear,Searches found no vendor profile or business matching this name at Vail market.,2026-10-08
ACES / Rock Bottom Ranch,already in dataset,"Working farm of Aspen Center for Environmental Studies selling eggs, vegetables, meat at markets; active 2026.",2026-10-08
AJ roasted chili,unclear,No web trace found; likely same vendor as AJ's Roasted Chilis.,2026-10-08
AJ's Roasted Chilis,unclear,No web trace found; roasted chili vendor with unknown sourcing.,2026-10-08
ANTELOPE CREEK RANCH,unclear,No results connect this ranch to Vail market or any website.,2026-10-08
Adobe Creek Farm LLC,unclear,No web trace found for this Palisade farm; only unrelated Adobe Creek results.,2026-10-08
Afton's Garden Center LLC,qualified,"Hotchkiss nursery selling bedding plants, vegetables and herbs; vendor at Ridgway market.",2026-10-08
All Natural Homestead Beef,unclear,No web presence found under this name; no location or operating evidence.,2026-10-08
Allen Farms West,unclear,No web trace found for this Ridgway market farm.,2026-10-08
Alpenglow Flowers,unclear,No listing for this exact name at Larimer County market; only Alpenglow Growers in Montrose found.,2026-10-08
Anatolian Farms LLC,qualified,"Mancos regenerative produce, plant starts and hemp farm selling at Durango and Cortez markets.",2026-10-08
Animas Botanicals,qualified,Herbalist grows 150+ plants on Animas Valley farm; sells tinctures and teas at Durango market.,2026-10-08
Animas Valley Lavender,unclear,No web trace found; blurb says founded 2023 but nothing independent confirms it.,2026-10-08
Anita's Pantry & Produce / Palisade Pies,qualified,"East Orchard Mesa fruit stand and pie shop using local fruit; established, widely covered.",2026-10-08
Ant D's Fine Foods Produce,unclear,"Only a sparse Homegrown directory listing at 4927 Grove St, Denver; no vendor activity confirmed.",2026-10-08
Aquarius Gardens LLC,qualified,House plant and herb starter seller on the 2026 Erie Farmers Market vendor list.,2026-10-08
Artemis Flower Farm,qualified,"Working cut-flower farm with farm stand, workshops and wholesale; current website and 2026 job listing.",2026-10-08
Aspenleaf Microgreens Farm,unclear,No web results found for this name in Steamboat Springs.,2026-10-08
Aster Valley Farm,qualified,Native plant nursery selling at Durango Farmers Market; Durango Herald coverage of first season.,2026-10-08
BJÖRNS COLORADO HONEY,not_qualified,"Duplicate of Bjorn's Honey (same Boulder honey business), listed at Vail Farmers' Market.",2026-10-08
Bamber Beef Ranch,unclear,Two searches found no ranch or listing under this name anywhere in Colorado.,2026-10-08
Bear River Apiary,unclear,No business found by this name in Steamboat Springs.,2026-10-08
Bears Ears Ranch,qualified,Hayden ranch selling grass-fed beef shares via Community Ag Alliance marketplace; owner bought 2021.,2026-10-08
Bee Grateful Farm,qualified,Steamboat-area honey caramel maker using local honey and seasonal CSA; active on Good Eggs 2026.,2026-10-08
Bee Hugger,unclear,Honey vendor on Nederland market list; no independent web presence found.,2026-10-08
Bell Beef,qualified,Family cattle ranch near Cortez selling beef at Cortez and Durango markets and a country store.,2026-10-08
"Bella Bolettino Organic Farms, LLC",qualified,"USDA-certified organic peach, grape and lavender farm in Palisade, on the Palisade Sunday market list.",2026-10-08
Berry Farm & Ranch,unclear,Pastured meat vendor on Cortez market list; no independent listing found.,2026-10-08
Big Ben's Meats,qualified,"Seventh-generation Bayfield rancher selling beef, lamb, pork and goat direct at Durango Farmers Market.",2026-10-08
Big Bird Ranch Farmstand,unclear,No web results for this farmstand in Granby.,2026-10-08
Big Day Farm,unclear,Two searches found nothing for this name; Harvey Park and Nederland vendor lists not confirmed.,2026-10-08
Big Leap Ranch,qualified,Nunn ranch raising animals and growing vegetables/starter plants; on 2026 Larimer County Farmers' Market lineup.,2026-10-08
Bjorn's Colorado Honey,qualified,Boulder beekeeper and honey maker with retail stores and markets; site shows 2026 promotions.,2026-10-08
Bjorn's Honey,qualified,"Boulder honey producer; same business as Bjorn's Colorado Honey, listed at Golden market 2026.",2026-10-08
Black Cat Farm,qualified,Longmont farm and farm-dinner restaurant of Black Cat; sells at Boulder and Longmont markets 2026 season.,2026-10-08
Black D Spicer,unclear,Produce and spice vendor on Cortez market list; no web presence found.,2026-10-08
Black Gold Family Farm,unclear,"Blurb describes an Akron berkshire pork farm but searches found no site, social or listing.",2026-10-08
Blessed Bloom Farm,unclear,Listed at Ridgway market; no matching Colorado business found.,2026-10-08
Blue Ribbon Farm,unclear,Longmont market vendor; no matching Colorado farm found.,2026-10-08
Bluestem Bison Ranch,qualified,Grass-fed bison producer vending at Colorado markets in 2025; ranch location not found.,2026-10-08
Borden Farms/Pedro's,unclear,Searches found no information on this business beyond the Aspen market list; location and products unknown.,2026-10-08
Botanical Companions,qualified,Mancos microgreens farm since 2017; sells at Durango Farmers Market and delivers weekly.,2026-10-08
Boulder Beef,unclear,No business found by this name; may be Boulder Better Wagyu or another Longmont beef vendor.,2026-10-08
Boulder Better Wagyu,qualified,Wagyu beef ranch north of Longmont selling at Longmont Farmers Market.,2026-10-08
Boulder Flower Farm,qualified,Longmont cut-flower farm and event venue selling at farmers markets; on 2026 South Pearl Street market list.,2026-10-08
Bountiful Ridge Farm,unclear,Three searches found no web presence for this name in the Cortez/Durango area.,2026-10-08
Breen Mesa Farm,qualified,Goat dairy and creamery near Durango; sells soft goat cheese at Durango Farmers Market.,2026-10-08
Brilyn Acres,unclear,No web presence found beyond Cortez market vendor list.,2026-10-08
Brown Dog Farm,qualified,Longmont vegetable farm with CSA and Denver market sales; site and socials exist.,2026-10-08
Buckner Family Ranch,qualified,"Sells grass-fed beef, lamb, pork from Colorado ranchers; 2026 market dates posted, though family sold its own herd in 2024.",2026-10-08
Buffalo Pass Farm,qualified,Strawberry Park farm growing vegetables for CSA-style shares; covered by Steamboat Pilot April 2026.,2026-10-08
C R Farms,already in dataset,"Palisade tree-fruit farm, peaches since 1976, sells at Front Range markets.",2026-10-08
Calkins Greens,unclear,Nothing found for this name in Mead or elsewhere.,2026-10-08
Cheryl's Garden,unclear,No independent listing found; only appears on Cortez market vendor list.,2026-10-08
Chicken Grit Farms,unclear,No business found under this name; no town or products stated.,2026-10-08
Climax Jerky Inc.,qualified,"Colorado jerky maker since 1999, Dillon-based, with Breckenridge shop; sources Colorado beef.",2026-10-08
Colby Farm,unclear,Only Massachusetts Colby Farm found; no Palisade match.,2026-10-08
Colorado Fresh Connect Produce,unclear,No business found by this name.,2026-10-08
Common Name Farm,unclear,"No web, directory or social trace found under this name in Lafayette or elsewhere in Colorado.",2026-10-08
Cone on the Go by Jakes Farm,unclear,No search results found for this business or Jakes Farm; appears to be a food-cart vendor.,2026-10-08
Cottontail Farm,unclear,"Searches for Cottontail Farm in Longmont turned up no website, directory entry or social account.",2026-10-08
Craig Angus Ranch,qualified,"Fort Collins Angus ranch selling beef shares, cuts and bulls; site copyright 2026; Larimer market 2026.",2026-10-08
Cream City Market,not_qualified,Denver seller of imported Wisconsin cheese curds; no Colorado producer or local sourcing; site stale (2018).,2026-10-08
Croft Family Farm,qualified,"Kersey organic vegetable, egg and meat farm with 2026 markets and egg CSA.",2026-10-08
Crooked Roots,not_qualified,"Duplicate of Crooked Roots Farm (same Longmont farm, different market list).",2026-10-08
Crooked Roots Farm,qualified,"Small organic-practice Longmont farm: vegetables, pasture-raised eggs, lamb, heritage pork.",2026-10-08
Cunningham Orchards,qualified,"Palisade peach, pear, cherry orchard with honey; active H-2A hiring for 2026 season.",2026-10-08
Dandelion Farms,qualified,Fort Collins flower farm with 2026 Larimer market dates listed on its site.,2026-10-08
DeLaney Community Farm,qualified,Project Worthmore organic refugee farm in Aurora selling CSA shares and market produce.,2026-10-08
Denver Love Goats,not_qualified,"Mobile goat petting and event service, not a food producer.",2026-10-08
Destiny Botanicals,qualified,"Family farm near Mancos growing mushrooms, honey, flowers, vegetables and hemp; sells at Durango market.",2026-10-08
Domenico Farms,unclear,Searches found nothing on Domenico Farms beyond an 'Organic Farmer' blurb on the Metro Denver market list.,2026-10-08
Down Valley Flowers,qualified,Colorado cut-flower grower with website and market listing; site photos uploaded Feb 2025.,2026-10-08
Downhome Flowers,qualified,"Grower of Colorado cut flowers, dried flowers and body products; permanent Louisville market vendor.",2026-10-08
Durango Lettuce,unclear,No web presence found beyond market list blurb.,2026-10-08
Dusty Roads,unclear,No information found; blurb is n/a and name too generic.,2026-10-08
Duzik Livestock,unclear,No web results found for this business.,2026-10-08
EJ's Farm-Crafted,not_qualified,Goat-milk soap maker; not a food producer.,2026-10-08
Eat A Peach Farms,unclear,"Westword places it in Erie selling stone fruit and tomatoes, but no current evidence found.",2026-10-08
Eden Valley Farm,qualified,"Loveland organic produce farm, since 1962, with CSA and farmers market sales.",2026-10-08
Elk Fields,unclear,Only a name on the Golden market 2026 list; search found nothing confirming a food producer.,2026-10-08
Elk Mountain Ranch,unclear,Listed by Yampa Valley Foods for eggs and vegetables; no web evidence found of operation.,2026-10-08
Elk River Custom Meats,unclear,"Custom game processor, apparently in Steamboat Springs not Craig; current operation date unconfirmed.",2026-10-08
"Elkhead Creek Ranch (Yampa Valley Wagyu, Shadow Laine Farm)",qualified,Craig ranch raising grass-fed Wagyu beef; own website with address and contact.,2026-10-08
Elkstone Farm,qualified,Strawberry Park regenerative farm with CSA and farm stand; events dated October 2026.,2026-10-08
Ellen's Flowers,qualified,Organic cut-flower farm in Canon City selling at Colorado Springs markets; current 2026 vendor profile.,2026-10-08
Epick Seafoods LLC,not_qualified,Sells wild Alaskan smoked sockeye salmon; no Colorado production or local sourcing.,2026-10-08
Esperanza Farmstead,unclear,No web presence found in two searches; cannot confirm Colorado operation or 2025-26 activity.,2026-10-08
Fares,unclear,Name too generic; no vendor or business info found for Woodland Park market.,2026-10-08
Fat Flower,unclear,No results found for this name; only the market list entry.,2026-10-08
Feedsack Flowers,unclear,"No online listing found for this Center, CO flower grower; cannot verify operating status.",2026-10-08
Fields of Glory Organic Farm,qualified,Certified organic hemp/herbal farm in Paonia; recent public radio feature.,2026-10-08
Fifer Farm,unclear,No Boulder farm found; only an unrelated Delaware orchard and a 2024 county land purchase from a Fifer family.,2026-10-08
Fire Mountain Ranch,unclear,No results tying this name to Aspen or Arbol markets; town unknown.,2026-10-08
Folks Farm and Seed,qualified,"Fort Collins regenerative vegetable, flower and seed farm with farm stand, CSA, markets.",2026-10-08
Forte Farms,unclear,"Palisade produce seller at Denver markets per Westword; article undated, no current evidence seen.",2026-10-08
Forte Fruits,qualified,Palisade family orchard with public Sheridan stand and about 15 Denver-area markets.,2026-10-08
Foxtown Farm,qualified,"Grows ginger and turmeric, makes infused honey and fire cider; Buena Vista based.",2026-10-08
Fresh Start microgreens,unclear,Real Ignacio microgreens grower per an undated Durango Herald profile; no current-activity evidence found.,2026-10-08
Front Range Flower Farm,unclear,No business found by this name in Berthoud or elsewhere in Colorado.,2026-10-08
Fungus Farm Colorado,qualified,Colorado Springs indoor gourmet and medicinal mushroom farm selling locally and at markets.,2026-10-08
Furst Class Fungi,unclear,No trace of this Denver mushroom business found in web search or social results.,2026-10-08
GRIGGSTEAD LLC,qualified,"Hesperus homestead selling pasture-raised eggs, chicken and turkey, with a live website listing current products.",2026-10-08
Garden Goddess Creations,qualified,Farmer-florist growing cut flowers in Steamboat Springs; sells at markets and CSA.,2026-10-08
Golden Pastures Regenerative Farms,unclear,No search results for this name; cannot verify existence or location.,2026-10-08
Gordanier Ranch,qualified,Family cow-calf ranch near Cortez selling beef bundles online with a current 2026 shop.,2026-10-08
Green Collar Guy Designs,unclear,"No listing found; handmade planters plus plants and rhubarb, producer status and activity unverified.",2026-10-08
Green Table Farm,unclear,"Real Mancos farm per ~2017 Herald profile; greentablefarm.com shows only Launching Soon, location unconfirmed.",2026-10-08
Green Yams LLC,not_qualified,"Matcha and mushroom tea mixes; no farm or local sourcing shown; a Knoxville, Tennessee business matches the name.",2026-10-08
Greg's Gourmet Greens,unclear,No web presence found for Poncha Springs microgreens and herbs grower.,2026-10-08
Grey Hawk Greenhouse and Farm Inc,qualified,Wellington greenhouse/farm on 2026 Larimer County Farmers' Market list.,2026-10-08
Grounded Produce,unclear,No web trace found; blurb says it sources Colorado farm produce for mountain markets.,2026-10-08
Grow Queen,unclear,"Denver plant care brand and houseplant parlor; unclear whether it grows plants, or sells at Louisville market.",2026-10-08
Gunner Dog Treats / Kathy's Country Honey,qualified,Craig home business selling honey (Kathy's Country Honey) plus pet treats; on Yampa Valley Foods.,2026-10-08
Gypsy Chicks and Blooms,unclear,No web presence found under this name; only listed on Ridgway market vendor list.,2026-10-08
HUNT AND HOMESTEAD,unclear,No results found linking this vendor to Vail Farmers' Market.,2026-10-08
Hanks Hens,unclear,No search results for this name; likely small egg seller at Ridgway market.,2026-10-08
Happy Hogs,unclear,"No online presence found; market list says meat, poultry, eggs.",2026-10-08
Harding Homegrown,unclear,No results for this name in Palisade; only market list entry.,2026-10-08
Harvey Park Flowers,unclear,No results found; only appears on Harvey Park Farmers Market vendor list.,2026-10-08
Healthy Harvest Gardens,unclear,No business page found; searches only returned the Black Forest market itself.,2026-10-08
Healthy Harvests Gardens,unclear,Only a name on Golden market 2026 list; search found nothing about it.,2026-10-08
High Lonesome Cattle Company,unclear,Only a 2026 Glenwood market listing for The High Lonesome Ranch beef; name and location (possibly De Beque) unconfirmed.,2026-10-08
Home Ranch Livestock,qualified,"Grass-finished Wagyu-cross beef ranch in Clark, listed on Yampa Valley Foods vendor page.",2026-10-08
Homestead Ranch,unclear,Three searches found no Greeley pork/goat business by this name; only unrelated similarly named operations.,2026-10-08
Homestead in the Hood,unclear,No results found for name; only on Harvey Park market list.,2026-10-08
Homestead-ISH,unclear,No search results found for this vendor at Granby Farmers Market.,2026-10-08
Honey Bear Bakes,unclear,"No results found; baker, local sourcing unknown. Golden market 2026 season confirmed but vendor not named.",2026-10-08
Horse thief Mesa Apiaries,unclear,No results found; Palisade market vendor listing only.,2026-10-08
Horvath Honey,unclear,Real La Plata County honey business per an undated news article; no current 2025-26 evidence found.,2026-10-08
Howling Wind,unclear,No results for a farm by this name at Nederland market.,2026-10-08
Humble Fungi,not_qualified,"Mushroom farm is based in Aztec, New Mexico; sells at Durango market but is not a Colorado business.",2026-10-08
Hwy 145 Craft Cuts,unclear,No results found; name suggests meat cutting on Hwy 145 corridor.,2026-10-08
IHS Farms,unclear,No results found for this farm in searches.,2026-10-08
Iacovetto Girl's Poultry,unclear,Only 2023 Routt County 4-H poultry results for Iacovetto youths; no business listing found.,2026-10-08
J & J's Honey,unclear,No results found for this honey vendor.,2026-10-08
JD Heirloom Seeds,unclear,Search found nothing for this business; no site or social located.,2026-10-08
Jake a Bean,unclear,No results found for this name; unknown product.,2026-10-08
Joan Kinney Flowers,qualified,Cut-flower grower listed as Larimer County Farmers' Market vendor; market is growers-only.,2026-10-08
Jolly Radish,unclear,"Real farm in Longmont (not Nederland), but only a Nov 2022 article found; no current activity seen.",2026-10-08
Jolly Ranch,qualified,Family Angus beef ranch in Craig selling direct; Yampa Valley Foods vendor.,2026-10-08
Jorbin Acres,qualified,Produce and flower farm with live website offering a 2026 CSA.,2026-10-08
Joy Botanicals,unclear,No web presence found for this name in Lyons.,2026-10-08
Juniper Junction Ranch,unclear,"Blurb describes a real Montezuma County ranch, but no web presence found; guessed domain does not exist.",2026-10-08
KC's Fresh Cut Flowers,unclear,Owner quoted in Collegian article (undated); not on the Larimer County market vendor list fetched.,2026-10-08
Kanyini Farm,unclear,Two searches found no listing for this farm in Hayden; only unrelated Tasmanian Kanyini results.,2026-10-08
Kate's Garden Pantry,unclear,No web presence found; only the Yampa Valley Foods vendor blurb for cottage-food jams and pickles.,2026-10-08
Kelly Jean's Microgreens,qualified,"Longmont microgreens grower with website, home delivery and a current Boulder County Farmers Markets listing.",2026-10-08
Kiowa Valley Organics,qualified,"USDA organic Roggen farm: asparagus, produce, beef, eggs; recovering from a barn fire.",2026-10-08
L Bar Bell Ranch,unclear,No record found; search returned only unrelated Ridgway properties.,2026-10-08
La Montagne Des Saveurs,not_qualified,Imports and ages European cheeses; no Colorado production or local sourcing shown.,2026-10-08
La Plata Lavender,qualified,Lavender farm near Bayfield selling lavender products and culinary lavender; listed 2026 Durango Farmers Market vendor.,2026-10-08
Latigo Ranch,unclear,Kremmling dude ranch with a yak herd; no page confirms yak meat sales.,2026-10-08
Laz Ewe 2 Bar Goat Dairy,already in dataset,"Operating goat dairy making feta and chevre, sold at San Luis Valley markets and co-ops.",2026-10-08
Lazy B Ranch,unclear,"No web presence found for Lazy B Ranch eggs; dataset has Lazy 3X Ranch, possibly a different business.",2026-10-08
Leafcutter Farms Mushrooms,qualified,"Durango gourmet mushroom farm with live shop, wholesale and multiple retail outlets.",2026-10-08
Leaning Tree Farms,qualified,"Family farm selling grass-finished beef and pork at Durango Farmers Market, with live site and social pages.",2026-10-08
Lehi Ranch,qualified,"Grass-fed, grass-finished beef producer in northern Colorado, on the Larimer County Farmers' Market vendor list.",2026-10-08
Lightborne Labs LLC,unclear,Searches found no farm by this name in Ridgway; only an unrelated video studio.,2026-10-08
Lilybee Farm,qualified,"Beekeeping farm, 40 hives, sells honey at Durango and Bayfield markets; site mentions 2025 honey.",2026-10-08
"Little Greenhouse by the Shoreline, LLC",qualified,"Sells vegetable starts, sub-tropical plants and produce; active Instagram and Larimer market vendor.",2026-10-08
Little Hollow Flowers,qualified,"Cut-flower farm in Berthoud, sells at Boulder Farmers Market and wholesale; live shop.",2026-10-08
Little Petals Flower Farm,qualified,"Fort Collins cut flower grower, active on Instagram and Larimer County Farmers' Market vendor.",2026-10-08
Little Sun Farm,qualified,Quarter-acre urban vegetable farm in NW Fort Collins selling at Larimer County Farmers' Market.,2026-10-08
Living Springs Farm,unclear,Searched; no web trace of this farm beyond market list; Arbol market itself is active.,2026-10-08
Local Growers,unclear,Generic name; no vendor or business found in search tied to Woodland Park market.,2026-10-08
Long Table Farm,unclear,Only a 2018 Durango Herald article found; no current website or activity located.,2026-10-08
Longmont Dairy,qualified,Family dairy farm bottling milk and delivering to Front Range homes since 1965.,2026-10-08
Lori The Dip Lady/ Gourmet Farms of Colorado,not_qualified,Dry dip mix maker; no local sourcing stated; Marketspread shows only a Littleton craft fair.,2026-10-08
Los Miramontes Lavender Farm by Sunrise Ct Gardens LLC,qualified,"Cortez lavender farm making culinary lavender products, jams, honey, eggs; hosts farm tours.",2026-10-08
Lucky 8 Ranch,qualified,Bison ranch selling pasture-raised bison meat; also tours and events.,2026-10-08
Lucky Bee Cut Flowers,unclear,"Flower farm north of Longmont found, but no 2025-26 activity seen and Denver market link not found.",2026-10-08
MASA Seed Foundation,qualified,"Nonprofit organic seed bank and farm with CSA, farm store and nursery in east Boulder.",2026-10-08
MTN GARFIELD FARM,unclear,No web trace found; market list season only 2024.,2026-10-08
Macario's Produce,unclear,No listing found for this Olathe-area produce grower; no website or social located.,2026-10-08
Marlene's Garden,unclear,No web presence found for this jam and plant-start vendor.,2026-10-08
Martindale Farms,unclear,No search results for this farm; only blurb 'Farmer' at Metro Denver market.,2026-10-08
Mathew Davis Landscape Architect,not_qualified,"Name indicates a landscape architecture service, not a food or plant producer; nothing found otherwise.",2026-10-08
Matthews Alpines,unclear,No web presence found; list blurb mixes eggs and goat milk items with crafts.,2026-10-08
McConnell and Sons,unclear,No web results found for farm; only 2025 Longmont market list entry.,2026-10-08
Memphis Bison Ranch,qualified,"Bison ranch in Carr, now Memphis Ranch, selling bison meat boxes and shares online; site footer 2026.",2026-10-08
Mesa Lamb & Wool,qualified,"Navajo-Churro lamb/mutton, wool, hides producer south of Durango; live Shopify store with 2026 footer.",2026-10-08
Mesa Verde Lavender,qualified,"Family lavender farm with copper still, hydrosols, honey; live online shop and market sales.",2026-10-08
Microgreen Creations LLC,unclear,"No listing, site or registry trace found for this microgreen business.",2026-10-08
"Miel del Sol, LLC or Bee-Orn Apiaries",unclear,Rankin-run honey business based in Farmington NM; Colorado hives near Durango; no dated current evidence found.,2026-10-08
Miller Farms,qualified,"Long-running Platteville vegetable farm with markets, U-pick and fall festival; listed for 2026.",2026-10-08
Minions Ranch,unclear,"No web results found; dataset has Minion Ranch, sameness unverified.",2026-10-08
Miss Penn's Mountain Seeds,qualified,"High-altitude seed grower near Westcliffe; tomatoes, native wildflowers, herbs; sells at Crested Butte market.",2026-10-08
Mitzi's Flowers,qualified,"Listed 2025 vendor at Larimer County Farmers' Market, which requires grown/made-by-vendor products.",2026-10-08
Mocking Crow Farm,qualified,Small market farm south of Durango; site lists 2026 Durango Farmers Market season and produce.,2026-10-08
Moon Hill Dairy,qualified,"Grass-based farmstead cheese and beef producer north of Steamboat Springs, sold via markets and Community Ag Alliance.",2026-10-08
Morehouse Produce,unclear,No web results found for this Palisade farm; only the market list entry.,2026-10-08
Morsal Green Yards,unclear,No web results found beyond list blurb about an Afghan refugee family farm.,2026-10-08
Moss Rock Corner LLC,unclear,No web results found for this Palisade-market farm.,2026-10-08
Mother Mycelium,qualified,"Broomfield mushroom farm selling kits, dried mushrooms, extracts; runs classes.",2026-10-08
Mountain Bluebird Farm,unclear,"Search found no page for this farm; only the 2026 list blurb (vegetables, flowers, CSA).",2026-10-08
Mountain Valley Developmental Services Greenhouse,qualified,Nonprofit greenhouse growing and selling plants; attends Glenwood Springs market.,2026-10-08
Mt. Garfield Fruit & Vegetable,unclear,No listing or site found; only a Palisade market list entry.,2026-10-08
Mumm Farms,unclear,Two searches found nothing on a Colorado Mumm Farms.,2026-10-08
Murr Made Meats,unclear,No web presence found for this Craig pork business.,2026-10-08
Mushroom Gardens,qualified,Golden mushroom grower with current MarketSpread vendor profile.,2026-10-08
Mushroom Mesa,unclear,Site sells cultures and consulting; fresh mushrooms 'coming soon'; Colorado location not stated.,2026-10-08
MycoCosm Mushroom Company,qualified,Gourmet mushroom grower in Peyton selling fresh mushrooms and extracts at Front Range markets.,2026-10-08
MycoMindful Mushrooms,unclear,No web trace of this business found; only similarly named other operations.,2026-10-08
Mycocosm Mushrooms,qualified,"Peyton mushroom grower, serving Front Range markets since 2019, current vendor profile.",2026-10-08
Mycolove,qualified,"MyCOLove Farm, USDA organic functional mushroom farm in Fort Lupton, sells mushroom extracts; 2026 Nederland market vendor.",2026-10-08
Mystic Hills Farmstead,qualified,Routt County grass-fed beef and lamb farm with online farm shop; LocalHarvest listing updated Jan 2025.,2026-10-08
Natural Homestead Beef,qualified,"Likely All Natural Homestead Beef, La Salle: grass-fed beef, pork, eggs; Louisville market vendor.",2026-10-08
Offbeat Family Farm,not_qualified,"Farm is in Aztec, New Mexico, not Colorado; only sells at Durango market.",2026-10-08
Okagawa Farms,qualified,"Grand Junction produce farm, market and nursery; owners retiring, farm listed for sale.",2026-10-08
Old Town Urban Farms,unclear,Only a Fort Collins planning meeting page found; no operating farm confirmed.,2026-10-08
Ollie's Farm,unclear,Searches returned nothing for this farm in Palisade.,2026-10-08
Out Yonder Farm,unclear,Search found no Colorado Out Yonder Farm; only a Tennessee one.,2026-10-08
Outlaw Apiaries,unclear,"Real beekeeping business (Hayden), but no dated 2025-26 operation evidence found.",2026-10-08
PEAK FARMS,unclear,Only a Mosca potato grower named Peak Farms found; link to Vail vendor unverified.,2026-10-08
Pantoja's Family Farms.,qualified,"Organic Delta farm, CCOF certified July 2025, 2026 Crested Butte market vendor.",2026-10-08
Papa Joe's Local Honey,qualified,"Loveland local honey seller, on Fort Collins Winter Market 2025-26 list.",2026-10-08
Pasquali Farm,unclear,Searches returned nothing for this farm in Palisade.,2026-10-08
Pedro's Farms LLC,already in dataset,"Organic flower, vegetable, fruit farm in Pea Green; 2026 Crested Butte market vendor profile.",2026-10-08
Penny Lane Pepper Co.,unclear,No web results found for this business.,2026-10-08
Peony Provisions Farm & Flower,unclear,No web results found for this business.,2026-10-08
Perfectly Primrose & Magnolia Fay's Farm,unclear,No web results found; only market list blurb with eggs and goat milk products.,2026-10-08
Petalers at The Chillstead,unclear,No web results found for this flower grower in Erie.,2026-10-08
Pink Paintbrush Flower Farm,unclear,Search found no web presence; market list describes Dolores flower farm.,2026-10-08
Plant Collector and Friends,qualified,Denver grower of hot peppers and unusual plants per 2026 City Park market list; no web presence found.,2026-10-08
Pope Farm's Produce,unclear,No web trace found; only the market vendor list describes it. Town and operator unknown.,2026-10-08
Porcellino Artisanal Meats,unclear,Possibly Il Porcellino Salumi (Denver/Basalt cured meats); no confirmation of the name or current operation found.,2026-10-08
Pothook Farms,qualified,Listed under Farm on the 2026 Palisade Sunday market; searches found no independent page.,2026-10-08
Power Greens,qualified,Mushroom and microgreen grower on 2026 Montrose market list; nothing independent found.,2026-10-08
Power plant,unclear,Name too generic; no farm found by searches. Blank blurb on two market lists.,2026-10-08
Purple Fence Farm & Apothecary,unclear,Two searches found no pages for this Frederick lavender farm.,2026-10-08
Rabbit Mountain Lavender,qualified,"Listed under Farms & Growers at 2026 Lyons market; lavender grower, no independent page found.",2026-10-08
Rainbow Eggs Co,qualified,"Likely listed as Rainbow Farms Co.; heritage-breed egg seller with Colorado partner farms, 2026 article.",2026-10-08
Rattlesnake Gulch Farm and Fertilizer,qualified,"Organic regenerative vegetable and egg farm near Hesperus, profiled by Durango Herald; on 2026 Durango market list.",2026-10-08
Rebel Farm,qualified,"Indoor hydroponic greens and herbs farm in Harvey Park, founding vendor of the 2026 Harvey Park market.",2026-10-08
Red Dog Expressions & Lavender Farm,unclear,No web results under this name; only on the 2026 Larimer County market list.,2026-10-08
Rendezvous Mushroom Co,qualified,Listed under Farm on 2026 Palisade Sunday market; no independent web presence found.,2026-10-08
Rich Roots Flower Co.,unclear,No web results found for this name in Colorado; only on the 2026 Old South Pearl market list.,2026-10-08
River Otter Farms,qualified,Organic vegetable farm on Florida Mesa near Durango per 2026 Durango market list blurb; no independent page found.,2026-10-08
Rock'n Roots Farm,unclear,No web results found; listed as 2026 Aspen Saturday Market vendor. Dataset already has Rock 'n Roots Farm.,2026-10-08
Rockart Guerreros Chile,qualified,"Roasted Hatch and Colorado chile seller at Louisville market 2026; likely Guerrero family of Bailey, unconfirmed.",2026-10-08
Rocking HC Ranch,unclear,No web results found; only a 2024 market list entry with an eggs blurb.,2026-10-08
Rocky Mountain Fresh,qualified,Longmont greenhouse tomato grower selling at Boulder and Longmont markets; active listing.,2026-10-08
Rocky Mountain Mushrooms,unclear,No web results in Granby; possibly the same business as Rocky Mountain Mushroom Farm in the CO Proud finder.,2026-10-08
Rocky Mountain Superfoods,unclear,No web presence found; not confirmed as a producer.,2026-10-08
Rohwer's Farm,qualified,Family fruit/vegetable farm at Pleasant View; on 2026 Durango Farmers Market vendor list.,2026-10-08
Romick's High Valley Beef,unclear,No web results found for this name; stated as beef from Yampa in a Yampa Valley Foods listing.,2026-10-08
Root Rock Farm,qualified,"Certified Naturally Grown produce and flower farm in Eckert, Delta County; reviewed May 2026.",2026-10-08
Rough and Ready Farm,qualified,Small vegetable farm in Longmont selling at Longmont Farmers Market; on the 2025 market list.,2026-10-08
Royal Crest Dairy 2020,qualified,Colorado dairy bottling and home milk delivery since 1927; site current for 2026. Milk sourcing not stated.,2026-10-08
Sage Creations Farm,qualified,"Sage Creations Organic Farm in Palisade: lavender, cherries, herbs; site references 2026 events.",2026-10-08
Sage Spring Farm,qualified,Navajo Churro sheep ranch in Bayfield selling lamb at Durango Farmers Market; on 2026 list.,2026-10-08
San Juan Blooms,unclear,Searched; no business page or listing found beyond the 2026 Ridgway Farmers Market list.,2026-10-08
Sandy Seed Farm LLC,unclear,No web trace found under this name in Colorado.,2026-10-08
Simple Things Farm,unclear,Searched; no web presence found for this name in Lyons area.,2026-10-08
Sisson Ranch Goods,unclear,"No search results; blurb says only ranch goods and services, products unspecified.",2026-10-08
Snow Creek Ranch,qualified,Larkspur family ranch selling direct-to-consumer beef at Front Range markets; listed 2026 Denver market vendor.,2026-10-08
Socorro Suarez,unclear,Person name only; no farm or business found in Palisade searches.,2026-10-08
Sourdough farms,unclear,Searched; nothing found for this name in Nederland; blurb just says Ag.,2026-10-08
Sowing Seeds of Hope Microgreens,unclear,No web results found for this business in Fort Collins.,2026-10-08
Spark and Honey,unclear,"Likely Spark + Honey granola; only an unclaimed directory listing, location unverified, list shows 2025 only.",2026-10-08
Speedwell Farm & Gardens,qualified,Regenerative micro vegetable farm in Longmont with CSA; website advertises 2026 CSA shares.,2026-10-08
Stanko Ranch,qualified,Long-running Routt County family ranch with a small egg flock sold through local marketplace and Yampa Valley Foods.,2026-10-08
Star Acres Flower Farm,qualified,Arvada flower farm with detailed blurb on current City Park and Lafayette market lists; no independent web trace.,2026-10-08
Stone Free Farm,qualified,"Long-running vegetable farm near Cortez, founding Durango Farmers Market vendor; on 2026 list.",2026-10-08
Stormy Heights Homestead,unclear,No search results found for this name; only the 2026 Granby market vendor list mention.,2026-10-08
Suarez Orchards,qualified,Fruit and vegetable grower listed as 2026 Montrose Farmers Market farmer/rancher vendor.,2026-10-08
Sugar Boot Farm Co.,qualified,"Small farm growing vegetables, herbs and flowers; current Golden Farmers Market vendor profile.",2026-10-08
Summit Roots Farm,qualified,"Dolores vegetable farm founded 2013, on current Cortez and Durango market lists; press profile.",2026-10-08
Sun Circle Intentions,unclear,No description on market list and no web results found; product type unknown.,2026-10-08
Sunrise Ranch Beef,unclear,Searches found no ranch by this name; results only unrelated Sunrise investment firm.,2026-10-08
Sunshine Beef,unclear,No evidence found of this vendor at Arbol Farmers Market or elsewhere.,2026-10-08
Sweet Awakening Farm,unclear,No results found for this name.,2026-10-08
Sweet Pea Farms,qualified,"Salida farm raising honey, eggs, pork and produce; 2026 Salida market vendor.",2026-10-08
Swiger Family Farms,qualified,Palisade orchard selling peaches in Durango for about 19 years; 2026 Durango market vendor.,2026-10-08
Tabor Acres,qualified,Farm-grown fresh-cut flowers; listed on 2026 Erie Farmers Market farms section.,2026-10-08
Tan Man Honey LLC,unclear,"Listed as Woodland Park agricultural vendor, but web search found no Colorado presence.",2026-10-08
Teas 2 Please,unclear,"Tea, spice, granola and baked goods; no local sourcing or web presence found.",2026-10-08
Telluride Mushroom Company,qualified,Mushroom grower listed in Produce section of 2026 Telluride Farmers' Market.,2026-10-08
Terria Madre Herbs,qualified,"Probably Tierra Madre Herbs, Four Corners herb farm founded 2005 selling at markets and wholesale.",2026-10-08
The Connelly Creamery,unclear,No search results for this ice cream maker; local sourcing and location unknown.,2026-10-08
The Crunchy Kitchen,unclear,Dried pasta and baked goods; no local sourcing or web presence found.,2026-10-08
The Defiant Garden,unclear,Two searches found no trace of this vendor beyond the Montrose market list.,2026-10-08
The Farm at Home Ranch,qualified,"Organic farm in Clark selling vegetables and eggs via CSA, farm stand, market and restaurants.",2026-10-08
The Farmstead,unclear,Search found no business matching this name; only a 2026 Durango market list entry.,2026-10-08
The Fresh Herb Company,qualified,"Longmont family greenhouse growing herbs, veg starts, flowers; wholesale and market sales; site current 2025.",2026-10-08
The Gardens of Eatin',unclear,"Search found only a Fort Collins public garden, not this Ridgway vendor.",2026-10-08
The Honey People,unclear,No search results for this vendor; only unrelated honey vendors at the market.,2026-10-08
The Neighborhood Plant Plug,unclear,No web trace found; unknown town and operator.,2026-10-08
The Plant Place,unclear,No source tied a nursery of this name to Palisade or the Sunday market.,2026-10-08
The Snack Patch,unclear,Search found nothing on this business beyond the Cortez market list blurb.,2026-10-08
The Urban Orchard,unclear,No web trace found; blank blurb.,2026-10-08
"The Yurtstead, LLC",qualified,"Woman-owned regenerative farm in Montrose selling produce, pigs, poultry and eggs at Colorado farmers markets.",2026-10-08
Thorpe Mountain Farms,unclear,No results found for this farm; only on Yampa Valley Foods list per prospect file.,2026-10-08
Three Leaf Farm,qualified,"Organic Lafayette farm supplying family restaurants, hosting farm dinners and workshops; site live.",2026-10-08
Three Springs Cattle Co.,unclear,"Only a Three Springs Ranch real-estate listing found, no beef sales evidence.",2026-10-08
Toohey & Sons Organic,unclear,Searches found no page for this farm; only a 2025 Boulder market list entry.,2026-10-08
Topp Fruits/Rancho Durazno,qualified,Two organic Western Slope fruit farms partnering to sell at Front Range markets in 2026.,2026-10-08
Traditional Artisan Customs,not_qualified,"Knives, guns, leatherwork vendor; not a food or plant producer.",2026-10-08
Trout Creek Meats,qualified,Five-generation Routt County beef and lamb producer; 2025 ranch tour listing; Yampa Valley Foods vendor.,2026-10-08
Turtle Lake Refuge,qualified,"Durango nonprofit growing microgreens, running cafe and commercial kitchen, selling to local restaurants and stores.",2026-10-08
Two Lazy 8 Ranch,unclear,"Only an undated Community Ag Alliance marketplace profile found; cottage-food jams and handmade towels, no current activity shown.",2026-10-08
Two Trees Produce,unclear,No web results found for this name in Steamboat Springs.,2026-10-08
Ultreia Farm & Wellness,qualified,"Small organic Cedaredge farm growing vegetables, flowers and plant starts, with a 2026 market list entry.",2026-10-08
Uncle John's Farm Stand,unclear,"A Frisco farm stand by that name exists, but link to Breckenridge Sunday Market vendor and 2025-26 operation unconfirmed.",2026-10-08
Uncompahgre Valley Alliance (aka Western Colorado Alliance),not_qualified,"Non-profit community organizing group, not a food producer.",2026-10-08
Uproot,unclear,Searches found no Colorado Uproot flower/plant vendor; only a Kentucky business of similar name.,2026-10-08
VAIL MEAT CO,unclear,"Reviews call it a popular Vail market meat vendor, but no producer or origin info found.",2026-10-08
Vista Orchard LLC,unclear,No web trace found for this orchard in searches.,2026-10-08
Vital Beauty Gardening,not_qualified,"Landscaping and gardening service company, not a food or plant producer.",2026-10-08
WYNN FARMS,unclear,No web results found for this vendor beyond the 2026 Vail market list.,2026-10-08
Wag's World Inc. DBA Wag's World Orchards,unclear,"Blurb describes tree-fruit and honey grower, but no web evidence retrieved; guessed site unreachable.",2026-10-08
Wag's World Orchards,qualified,"Eckert fruit orchard (Wag's World, Inc.) with 2025 federal seasonal-worker posting for cherries, peaches, apples; on current market lists.",2026-10-08
Wagner Land & Cattle,qualified,"Fort Lupton beef producer; grass-fed, grass-finished beef sold at farmers markets.",2026-10-08
WeeBee Farms,qualified,"Boulder County farm selling garlic, veggie plants, pollinator flowers at Boulder and Longmont markets.",2026-10-08
Westcliffe Honey Company,unclear,"Blurb shows honey products at Salida market, but guessed domain failed and no search possible.",2026-10-08
Whitedove Farms,unclear,Blurb lists organic produce and honey at Cortez market; no web verification possible.,2026-10-08
Wild Roots Farms,unclear,No Palisade farm of this name found in searches.,2026-10-08
Wild Wick's Farm,qualified,"Lakewood urban farm (Wickler family) with CSA, selling at City Park and Old South Pearl markets.",2026-10-08
Wild Wiggins Homestead,unclear,No web trace found; town not stated.,2026-10-08
Wiley Farm & Co.,unclear,Searches found no web trace of this Boulder herb and tea business.,2026-10-08
Willow Creek Mushrooms,unclear,No web presence found for a Colorado mushroom farm under this name.,2026-10-08
Willow Farm Blooms,unclear,No web presence found for this name in Lyons.,2026-10-08
Winding Drive Farm,unclear,No web results found beyond the market list itself.,2026-10-08
Winters Ranch Meats INC,unclear,Search found nothing for this name in Colorado.,2026-10-08
Wisdom Natural Poultry,qualified,Haxtun poultry farm selling chickens and eggs at Boulder Farmers Market.,2026-10-08
Yampa Valley Ranch,qualified,Veteran-managed cattle ranch raising grass-fed Wagyu; active vendor page on Yampa Valley Foods store.,2026-10-08
Yellow Fellow Farms,unclear,Nothing found online for this name in Longmont.,2026-10-08
You Dessert This,not_qualified,Soft serve and frozen lemonade stand; no evidence of local sourcing or growing.,2026-10-08
Zephyros Farm & Gardens,not_qualified,"Duplicate of Zephyros Farm and Garden, already in dataset (Phase 2 build).",2026-10-08
beejoy farm,unclear,Honey and bee products vendor; nothing found beyond the market list.,2026-10-08
elephant rock Farms,unclear,No web presence found; market guess (Arapahoe) looks unreliable.,2026-10-08
further up Farms,qualified,Regenerative market garden/aquaponics farm with CSA; site says fourth selling season in 2026.,2026-10-08
magnificent garden,not_qualified,"Sells plant food product (household/garden supply), not a grower or food producer; nothing found.",2026-10-08
pipers lane flowers,qualified,Local cut-flower grower/florist on the 2026 Aspen Grove market vendor list; no independent web presence found.,2026-10-08
