Market Slug,Market,City,Publishes Vendor List,Vendor List URL,List Season,Site Status,Vendors Captured,Checked,Notes
alameda-mile-high-farmer-s-market-aurora,Alameda Mile High Farmer's Market,Aurora,no,,,live,0,2026-10-03,Vendor application portal only.
alamosa-farmers-market-alamosa,Alamosa Farmers' Market,Alamosa,no,,,live,0,2026-10-03,Vendor handbook/rules only; points to Facebook for current vendors.
arvada-farmers-market-arvada,Arvada Farmers Market,Arvada,no,,,live,0,2026-10-03,Product categories and 2026 application link only.
arvada-five-parks-farmers-market-arvada,Arvada Five Parks Farmers Market,Arvada,no,,2013,live,0,2026-10-03,Stale blog; 11 vendors named in a May 2013 post only.
aspen-grove-farmers-market-littleton,Aspen Grove Farmers Market,Littleton,yes,https://aspengrovefarmersmarket.com/vendors/,2026,live,25,2026-10-03,"Vendors page has an ""Our Vendors"" section with category headings and a one-line description per vendor. Names kept in the page's (mostly lowercase) styling."
aspen-saturday-market-aspen,Aspen Saturday Market,Aspen,yes,https://aspen.gov/DocumentCenter/View/16360/2026-ASPEN-SATURDAY-MARKET-VENDORS-MAP,2026,live,67,2026-10-03,"Text-based PDF (pdftotext worked). Numbered booth list (booths 1-62, with a/b shared booths); booths 25b (OPEN) and 26 (HOLD) excluded. PDF also lists contact names/phones/emails, not captured. Includes many craft/art vendors. Two-column layout of later rows is interleaved in extraction; names taken from the Business column only."
backyard-market-in-black-forest-holiday-colorado-springs,Backyard Market in Black Forest - Holiday,Colorado Springs,no,,,live,0,2026-10-03,Vendor philosophy/application only.
backyard-market-in-black-forest-winter-colorado-springs,Backyard Market in Black Forest - Winter,Colorado Springs,no,,,live,0,2026-10-03,Event info only; applications closed.
basalt-sunday-market-basalt,Basalt Sunday Market,Basalt,no,,,live,0,2026-10-03,Applications closed notice and manager contact only.
berthoud-farmers-market-berthoud,Berthoud Farmers' Market,Berthoud,no,,,redirect,0,2026-10-03,berthoudlocal.org now redirects to berthoudlocal.wixsite.com; no vendors page in site nav (manual check). Our Website URL is stale.
black-forest-farmers-market-black-forest,Black Forest Farmers Market,Black Forest,yes,https://www.thebackyardmarkets.com/black-forest-market,2026,live,69,2026-10-03,"Page shows a ""Vendor Line Up: October 3rd"" list of names only (a single-week lineup for the 2026 season, not necessarily the full season roster; page claims over 70 vendors). Operated by Backyard Market Inc."
boulder-farmers-market-boulder,Boulder Farmers Market,Boulder,yes,https://bcfm.org/vendors/meet-our-vendors/,2025,live,91,2026-10-03,"STALE: page text says it lists full-time vendors for the 2025 season; no 2026 list found and no Canva link present in the fetched HTML. List covers all BCFM markets (BSAT=Boulder Sat, BWED=Boulder Wed, LSAT=Longmont Sat, Online); only the 91 unique vendors tagged BSAT and/or BWED are captured, grouped by the page's section headings (Food Hub repeats de-duplicated). Page has 202 entries (171 unique) incl. Longmont-only and online-only vendors, not captured."
boulter-s-5280-urban-market-castle-pines,Boulter's 5280 Urban Market,Castle Pines,unknown,,,dead,0,2026-10-03,HTTP 522; alternate domain does not resolve.
breckenridge-sunday-market-breckenridge,Breckenridge Sunday Market,Breckenridge,yes,https://rockymountainevents.com/breckenridge-farmers-market/,2026,live,85,2026-10-03,"Names only, split into 2026 Retail Vendors and 2026 Food Vendors. Pines' Nut Butter appears in both lists (kept in both). Operated by Rocky Mountain Events."
briargate-farmers-market-colorado-springs,Briargate Farmers' Market,Colorado Springs,no,,,live,0,2026-10-03,A few example vendors in description only.
buena-vista-farmers-market-buena-vista,Buena Vista Farmers' Market,Buena Vista,no,,,live,0,2026-10-03,Operator Foodshed Alliance's vendor page is headed 'Salida vendors 2026' and covers Salida only; site lists no 2026 Buena Vista market (Salida + Chaffee winter only) - verify BV is still running.
carbondale-farmers-market-carbondale,Carbondale Farmers' Market,Carbondale,no,http://www.carbondalefarmersmarket.com/2026vendors,,live,0,2026-10-03,"2026 Vendors page still shows ""Coming Soon!"" for both Seasonal and Drop In vendors. The /2023-vendors URL returns the same 2026 page (identical content), so no stale list exists there."
castle-rock-farmers-market-castle-rock,Castle Rock Farmers Market,Castle Rock,unknown,,,dead,0,2026-10-03,DNS failure (agent + manual); search snippet hints ~22 featured vendors on homepage.
cherry-creek-fresh-market-denver,Cherry Creek Fresh Market,Denver,no,,,live,0,2026-10-03,/vendors page has anonymous testimonials only.
cherry-creek-valley-international-farmers-market-denver,Cherry Creek Valley International Farmers Market,Denver,unknown,,,dead,0,2026-10-03,Domain does not resolve; no official list found.
city-of-edgewater-farmers-market-edgewater,City of Edgewater Farmers Market,Edgewater,no,,,live,0,2026-10-03,City site (edgewaterco.gov; edgewaterco.com now redirects there and blocks curl) has no market or vendor list; a search result indicates the city no longer hosts the weekly Market & Music. Facebook page not checked per instructions.
city-park-farmers-market-denver,City Park Farmers Market,Denver,yes,https://vendors.cityparkfarmersmarket.com/vendor_team,2026,live,108,2026-10-03,"Official ""2026 Vendor Team"" page (Daily Grains FindSlowFood platform). Location_stated is the vendor home town shown on the card. A few vendors appear under two categories on the page; kept first."
colorado-farm-and-art-market-colorado-springs,Colorado Farm and Art Market,Colorado Springs,no,https://farmandartmarket.com/vendors/,,live,0,2026-10-03,"The Vendors page (""List of CFAM Vendors"") contains only booth fees and an apply link, no vendor names."
cortez-farmers-market-cortez,Cortez Farmers Market,Cortez,yes,https://www.cortezfarmersmarket.com/your-vendors,,live,37,2026-10-03,"Official ""Your Vendors"" page; undated (site text references 2025 season, so possibly stale). No vendor locations stated. Some vendors list only a name and contact details."
creede-farmers-local-artisan-and-antique-market-creede,"Creede Farmers, Local Artisan and Antique Market",Creede,no,,,live,0,2026-10-03,Site has only vendor application/rules pages (2025) and a Vendor Spotlight page with no named vendors.
crested-butte-farmers-market-crested-butte,Crested Butte Farmers Market,Crested Butte,yes,https://cbfarmersmarket.org/our-farmers-artisans/,2026,live,98,2026-10-03,"Vendors page embeds a Marketspread widget (market 24962); page last modified 2026-04. list_category is the Marketspread vendor type, or ""Non Profits"" for the separate nonprofit widget."
crestone-farmers-market-crestone,Crestone Farmers Market,Crestone,no,,,live,0,2026-10-03,Facebook only; mixconsciously.com/saturday-market is a short description with apply link and no vendor list.
delta-farmers-market-delta,Delta Farmers Market,Delta,no,,,live,0,2026-10-03,"Homepage shows only a strip of 6 featured vendor names (Barajas Dream Orchard, Twilight Coffee Roasters, McBees Farm, JAB Plants, smittyslittlefarm, DaizyMarieCreates) with no full list; not treated as a list."
dillon-farmers-market-dillon,Dillon Farmers Market,Dillon,yes,https://townofdillon.mymarket.org/profiles,2026,live,140,2026-10-03,"Official town page links to MarketWurks Vendor Profiles (2026 season, ended Sep 25). Includes nonprofits/info booths under ""Other"". Descriptions are the vendors' own profile text, trimmed."
downtown-farmers-market-festival-grand-junction,Downtown Farmers' Market Festival,Grand Junction,no,https://downtowngj.org/events/market-on-main/,,live,0,2026-10-03,"Market on Main page (downtowngj.org) has dates, rules/application links and SNAP info but no vendor list. Same source for both Grand Junction market slugs."
downtown-grand-junction-market-on-main-grand-junction,Downtown Grand Junction Market on Main,Grand Junction,no,https://downtowngj.org/events/market-on-main/,,live,0,2026-10-03,"Market on Main page (downtowngj.org) has dates, rules/application links and SNAP info but no vendor list. Same source for both Grand Junction market slugs."
downtown-littleton-farmers-market-littleton,Downtown Littleton Farmers Market,Littleton,no,,,live,0,2026-10-03,Market page only gives dates/location and says 'dozens of vendors'; the Vendors nav link is a vendor application form.
downtown-mead-farmers-market-mead,Downtown Mead Farmers' Market,Mead,unknown,,,blocked,0,2026-10-03,"Town of Mead page returns a Cloudflare bot challenge / HTTP 403 to curl and WebFetch, so contents could not be read; browser access was denied."
downtown-sunday-market-colorado-springs,Downtown Sunday Market,Colorado Springs,no,,,redirect,0,2026-10-03,Old downtowncs.com URL now 404s; current Downtown Partnership event page (Sunday Market in Acacia Park) has no vendor list and links only to a Facebook page.
drake-road-farmers-market-fort-collins,Drake Road Farmers Market,Fort Collins,unknown,,,dead,0,2026-10-03,drakeroadfarmersmarket.com returns 404 for the root and subpages; a search listing shows the market as closed (Yelp). No list found.
durango-farmers-market-durango,Durango Farmers Market,Durango,yes,https://www.durangofarmersmarket.com/vendors,2026,live,204,2026-10-03,"Vendors page embeds a MarketWurks profile list (2026 season) with categories; includes artisans, informational booths, services and sponsors alongside farms/food. Duplicate 'Good Food Collective' entry listed once."
eagle-farmers-market-edwards,Eagle Farmers Market,Edwards,yes,https://www.eaglefarmersmarketandartshow.com/2024-vendors,2024,live,21,2026-10-03,Stale: the only vendor page is titled '2024 Vendors' and the homepage still shows the 2024 season (June 22-Sept 28). Names are in uppercase as shown.
edwards-corner-farmers-market-edwards,Edwards Corner Farmers' Market,Edwards,no,,,dead,0,2026-10-03,edwardscornerfarmersmarket.com returns 410 Gone. Edwards Metro District info page names no vendors and points to Instagram only.
erie-farmers-market-erie,Erie Farmers Market,Erie,yes,https://realfarmersmarketco.com/erie-farmers-market/,2026,live,77,2026-10-03,"Erie market page lists 'Vendors for the season' by category (Real Farmers Markets operator); captured only the Erie page, not the Louisville list."
evergreen-farmers-market-evergreen,Evergreen Farmers Market,Evergreen,no,,,live,0,2026-10-03,Center for the Arts Evergreen event page gives schedule only; no vendor names.
evergreen-farmers-market-the-original-evergreen,Evergreen Farmers Market THE ORIGINAL,Evergreen,no,,,live,0,2026-10-03,Colorado Outdoor Markets site (Square) has vendor sign-up/pricing and a few photo captions but no vendor list.
farm-and-ranch-market-grand-junction,Farm and Ranch Market,Grand Junction,unknown,,,dead,0,2026-10-03,farmmarketgj.com shows a Wix 'connect your domain' error; only a Facebook page found via search.
farmers-market-at-highlands-square-denver,Farmers' Market at Highlands Square,Denver,no,https://thehighlandsfarmersmarket.com/,,live,0,2026-10-03,Site only has vendor application info; no vendor list found.
feed-denver-urban-farms-markets-denver,Feed Denver: Urban Farms & Markets,Denver,no,https://www.feeddenver.com/farm-market.html,,live,0,2026-10-03,"Farm Market page says final market was Oct 31, 2015; no vendor list."
florence-farmers-market-florence,Florence Farmers Market,Florence,unknown,,,blocked,0,2026-10-03,Chamber calendar URL redirected to a safebrowse.io 'Potential Threat Detected' warning page; not accessed further.
fort-collins-farmers-market-fort-collins,Fort Collins Farmers' Market,Fort Collins,yes,https://www.fortcollinsfarmersmarket.org/vendors,,live,56,2026-10-03,Vendors page lists vendors by category plus a detailed alphabetical list with descriptions; no season stated. list_category taken from category headings where the name matched (null otherwise).
fort-collins-winter-farmers-market-fort-collins,Fort Collins Winter Farmers Market,Fort Collins,yes,https://www.wildcraftmarkets.com/vendors,2025-26 winter,redirect,107,2026-10-03,Site winterfarmersmarket.com redirects to wildcraftmarkets.com (rebranded Wildcraft Farmers Market). Vendors page lists 2025-26 PAST winter season vendors (stale for 2026-27); live vendor map is on Manage My Market (JS-only).
fort-morgan-farmers-market-fort-morgan,Fort Morgan Farmers Market,Fort Morgan,no,https://www.theblock-mc.com/the-block-farmers-market,,live,0,2026-10-03,The Block farmers market page shows only a vendor application link; no vendor list.
fountain-farmers-market-fountain,Fountain Farmers Market,Fountain,unknown,,,blocked,0,2026-10-03,localvorecolorado.com now redirects to an unrelated spam/gambling site (elpalaciolatintaste.com); treated as hijacked.
four-seasons-farmers-and-artisans-market-wheat-ridge,Four Seasons Farmers and Artisans Market,Wheat Ridge,unknown,,,blocked,0,2026-10-03,fourseasonsfam.com redirects to an unrelated Greek site (fixmasters.gr); domain appears lost or hijacked.
frederick-farmers-market-frederick,Frederick Farmers Market,Frederick,no,https://www.frederickco.gov/241/Frederick-Market,,live,0,2026-10-03,Town page describes event-based vendor markets and applications; no vendor list.
fruita-farmers-market-fruita,Fruita Farmers' Market,Fruita,unknown,https://www.fruitachamber.org/events/farmers-market,,live,0,2026-10-03,Chamber page is a JavaScript-only app (ChamberMate) with no readable content via curl or WebFetch; could not determine whether a list exists.
glenwood-springs-downtown-market-on-7th-glenwood-springs,Glenwood Springs Downtown Market on 7th,Glenwood Springs,yes,https://www.glenwoodspringsdda.com/market-on-7th/,2026,live,45,2026-10-03,'Our 2026 Vendors' list on the DDA page; a Manage My Market vendor map exists but is JS-rendered.
gluten-free-farmers-market-englewood,Gluten Free Farmers Market,Englewood,no,,,live,0,2026-10-03,Site (NCA Denver Celiacs) only has an event page describing product types; no vendor names listed.
golden-farmers-market-golden,Golden Farmers Market,Golden,yes,https://goldenfarmersmarket.org/our-merchants/,2026,live,96,2026-10-03,"Vendor list is published as two images (GFM-2026-Full-Vendor-List1/2.png, '2026 Summer Vendor Partners'), transcribed by eye; names may have minor transcription errors. Includes non-farm vendors (services, nonprofits). Weekly lineup images also exist; Wednesday Midweek Market is separate."
golden-triangle-farmers-market-denver,Golden Triangle Farmers Market,Denver,no,,,blocked,0,2026-10-03,"Site is abandoned/SEO-spam (2020 holiday market posts, unrelated limo-service spam articles); no vendor list."
granby-farmers-market-granby,Granby Farmers Market,Granby,yes,https://www.destinationgranby.com/events/music-market/,2026,live,41,2026-10-03,"Music & Market, Thursdays at Polhamus Park; page lists 2026 vendors (vary by week) plus community groups/non-profits."
greeley-farmers-market-greeley,Greeley Farmers Market,Greeley,no,,,live,0,2026-10-03,Page has no vendor list; says to follow @greeleyfarmersmarket on Facebook/Instagram for vendor profiles (social only).
greeley-winter-farmers-market-greeley,Greeley Winter Farmers' Market,Greeley,no,,,live,0,2026-10-03,"Same city page as summer market; no winter vendor list, only a general description of winter offerings."
green-vally-ranch-ne-denver-farmers-market-presented-by-grateful-garden-llc-denver,Green Vally Ranch NE Denver Farmers Market,Denver,yes,https://www.gratefulgardenllc.com/vendors,2024,redirect,2,2026-10-03,Gvrfarmersmarket.com is dead; operator Grateful Garden LLC site /vendors has a '2024 Full Season Vendors' gallery showing only 2 vendors (rest is placeholder text) - stale and incomplete. /vendor-list requires sign-in. 2026 page only says '50+ vendors each week'.
gunnison-farmers-market-gunnison,Gunnison Farmers Market,Gunnison,no,,,live,0,2026-10-03,Site has vendor application info only (2026 market nearly full); no vendor list.
harvey-park-farmers-market-denver,Harvey Park Farmers Market,Denver,yes,https://www.harveyparkfarmersmarket.com/vendors,2026,live,50,2026-10-03,"'2026 vendor team' page. Ready-to-eat heading sits in a separate block from its list, so category assignment for that group (Hopelands Coffee onward) is by page layout."
highland-farmers-market-denver,Highland Farmers' Market,Denver,no,,,redirect,0,2026-10-03,"hobnobevents.com now redirects to jarmanandcoevents.com, which doesn't list this market. Current official site thehighlandsfarmersmarket.com has only vendor/musician application pages, no vendor list."
highlands-ranch-farmers-market-highlands-ranch,Highlands Ranch Farmers' Market,Highlands Ranch,no,https://denverfarmersmarket.com/mdfm-legends/,,live,0,2026-10-03,No per-market list; the operator's 'MDFM Legends' list is recorded once under metro-denver-farmers-market-operator-wide.
hoffmann-commercial-real-estate-farmers-market-avon,Hoffmann Commercial Real Estate Farmers' Market,Avon,unknown,,,dead,0,2026-10-03,Site domain does not resolve (DNS failure); no official vendor list found. Third-party directories not used.
idaho-springs-chamber-of-commerce-farmers-market-idaho-springs,Idaho Springs Chamber Of Commerce Farmers Market,Idaho Springs,unknown,,,live,0,2026-10-03,Square Online site is JavaScript-rendered; has 'Market Days' and 'Dynamite Days Vendors' pages but content not retrievable and /market-days returned 404.
jax-farmer-s-market-in-lafayette-lafayette,Jax Farmer's Market in Lafayette,Lafayette,unknown,,,dead,0,2026-10-03,Site domain does not resolve (DNS failure); no official vendor list found. Third-party directories not used.
la-veta-local-market-la-veta,La Veta Local Market,La Veta,unknown,,,dead,0,2026-10-03,Site domain does not resolve (DNS failure); no official vendor list found. Third-party directories not used. Facebook-only presence suspected.
lafayette-colorado-farmers-market-lafayette,Lafayette Colorado Farmers Market,Lafayette,yes,https://vendors.lafayettefm.com/2026_vendor_team,2026,live,88,2026-10-03,"Official 2026 Vendor Team page (Daily Grains FindSlowFood platform) with categories, towns and descriptions; booth numbers omitted. Sunday-market-specific list not separate."
lakewood-farmers-market-denver,Lakewood Farmers' Market,Denver,unknown,https://denverfarmersmarket.com/mdfm-legends/,,live,0,2026-10-03,"Operator (Metro Denver Farmers' Market) site has only an operator-wide 'MDFM Legends' list of long-time vendors across all its markets, not specific to Lakewood, so not captured."
landmark-greenwood-village-fresh-market-greenwood-village,Landmark Greenwood Village Fresh Market,Greenwood Village,no,,,live,0,2026-10-03,coloradofreshmarkets.com is the Cherry Creek Fresh Market site; /markets/ is a 404 and /vendors is only a vendor-application/testimonials page. No vendor names listed.
larimer-county-farmers-market-fort-collins,Larimer County Farmers' Market,Fort Collins,yes,https://www.larimer.gov/extension/larimer-county-farmers-market/Shop,2026,live,127,2026-10-03,'Explore the 2026 Farmers' Market Lineup' on the Plan Your Visit page; names only. Read in the browser pane (curl is blocked by Cloudflare). Product search at managemymarket.com orgID=916 marketID=8144 not used.
larimer-street-market-denver,Larimer Street Market,Denver,unknown,,,dead,0,2026-10-03,Site domain does not resolve (DNS failure); no official vendor list found. Third-party directories not used.
longmont-farmers-market-longmont,Longmont Farmers Market,Longmont,yes,https://bcfm.org/vendors/meet-our-vendors/,2025,live,94,2026-10-03,"Stale (2025 full-time vendor list, shared with Boulder market). Captured only vendors tagged LSAT (Longmont Saturday); includes Online-only Food Hub vendors only if also tagged LSAT."
louisville-farmers-market-louisville,Louisville Farmers Market,Louisville,yes,https://realfarmersmarketco.com/louisville-farmers-market/2026/,2026,live,141,2026-10-03,Official full-season 2026 vendor list for Louisville market (all dates combined); location not stated.
loveland-farmers-market-at-fairgrounds-park-loveland,Loveland Farmers Market at Fairgrounds Park,Loveland,unknown,,,blocked,0,2026-10-03,City page returned 403 Access Denied to every automated request (Akamai); could not read it. No vendor list could be verified.
loveland-farmers-market-loveland,Loveland Farmers' Market,Loveland,unknown,,,dead,0,2026-10-03,fortnet.org/market redirects to a parked domain page; site is dead. No vendor list found.
loveland-green-market-loveland,Loveland Green Market,Loveland,unknown,,,dead,0,2026-10-03,fortnet.org/market redirects to a parked domain page; site is dead. No vendor list found.
lowry-farmers-market-denver,Lowry Farmers' Market,Denver,no,,,live,0,2026-10-03,hangar2lowry.com/farmers-market returns 404; the Hangar 2 site has Businesses and Restaurants & Retail pages but no market vendor list. Search results only mention a few vendors via third-party directories.
lulu-s-farm-roadside-market-brighton,Lulu's Farm Roadside Market,Brighton,no,,,live,0,2026-10-03,Single-farm roadside stand and grill store; site has no vendor list.
lyons-farmers-market-lyons,Lyons Farmers Market,Lyons,yes,https://www.fosterabundantspaces.com/visit,2026,live,23,2026-10-03,"Operator (Abundant Spaces) /visit page has a 'This Season' list grouped by category. Simple Things Farm noted as accepting SNAP and WIC. Passport page lists participating town businesses, not market vendors (not captured)."
lyons-outdoor-market-lyons,Lyons Outdoor Market,Lyons,unknown,,,dead,0,2026-10-03,lyonsoutdoormarket.com did not connect. Web search found only third-party directory listings.
mancos-valley-farmers-market-mancos,Mancos Valley Farmers Market,Mancos,no,,,live,0,2026-10-03,"Page is a short description (Thursdays 4-7 pm, Boyle Park); no vendor list. Facebook/Instagram referenced."
market-on-the-plaza-mountain-village,Market on the Plaza,Mountain Village,yes,https://townofmountainvillage.com/explore/market-on-the-plaza/,2026,redirect,55,2026-10-03,"marketontheplaza.com redirects to the Town of Mountain Village page, which has 'Meet our 2026 Vendors'. Cards show 'Mountain Village' above some names; location_stated reflects that card text and may be a directory default rather than the vendor's true base."
memorial-park-farmers-market-colorado-springs,Memorial Park Farmers' Market,Colorado Springs,unknown,,,live,0,2026-10-03,"The provided URL is a third-party schedule page; web search found no official market site, only directories."
mercadillo-en-el-rio-alamosa,Mercadillo en el Rio,Alamosa,no,https://www.riograndefarmpark.org/mercadillo,,live,0,2026-10-03,"Mercadillo page lists produce/herb/flower types and a vendor application, but no named vendors. Dates on page are stale (2024)."
metro-denver-farmers-market-at-wheat-ridge-wheat-ridge,Metro Denver Farmers' Market at Wheat Ridge,Wheat Ridge,no,,,live,0,2026-10-03,"Operator site denverfarmersmarket.com lists locations (Sterling Ranch, Southwest Plaza, Lakewood, Highlands Ranch) but not Wheat Ridge. Its only vendor list (MDFM Legends) is operator-wide, not per market, so not captured here."
metro-denver-farmers-market-lakewood-lakewood,Metro Denver Farmers' Market-Lakewood,Lakewood,no,https://denverfarmersmarket.com/mdfm-legends/,2026,live,0,2026-10-03,No per-market list; the operator's 'MDFM Legends' list is recorded once under metro-denver-farmers-market-operator-wide.
metro-denver-farmers-market-operator-wide,Metro Denver Farmers' Market (all locations),Denver metro,yes,https://denverfarmersmarket.com/mdfm-legends/,,live,34,2026-10-03,"Operator-wide 'MDFM Legends' page (long-time vendors) covering Sterling Ranch, Southwest Plaza, Lakewood and Highlands Ranch; not tied to any one location. Consolidated from the Highlands Ranch and Lakewood captures."
minturn-market-minturn,Minturn Market,Minturn,unknown,,,blocked,0,2026-10-03,minturn.org is behind a Cloudflare JavaScript challenge (403); not bypassed. Search snippets suggest vendor names appear weekly on the market page but could not be read.
monte-vista-farmers-market-monte-vista,Monte Vista Farmers Market,Monte Vista,no,,,live,0,2026-10-03,Only a Facebook page is listed; no website vendor list.
montrose-farmers-market-montrose,Montrose Farmers Market,Montrose,yes,https://montrosefarmersmarket.mymarket.org/profiles,2026,live,62,2026-10-03,MarketWurks vendor profiles read via public API (X-Account-ID b043082d1d2429731ac3d465dbcea4c8). Category codes decoded from the signup form.
national-celiac-association-of-denver-denver,National Celiac Association of Denver,Denver,no,,,live,0,2026-10-03,"Celiac support group site; resources are restaurants/doctors, no market vendor list."
nederland-farmers-market-nederland,Nederland Farmers Market,Nederland,yes,https://nederlandfarmersmarket.mymarket.org/profiles,2026,live,91,2026-10-03,MarketWurks vendor profiles read via public API (X-Account-ID b9cb82e482cb29459bc72f4fb456229e); filtered to vendors with dates at this market id d4146f5d01ff780d48a0f6db11c034da. Category codes decoded from the signup form.
noco-virtual-farmers-market-fort-collins,Noco Virtual Farmers Market,Fort Collins,unknown,,,dead,0,2026-10-03,"Domain connections reset and the TLS certificate belongs to a WP Engine host, not the domain; site appears lapsed."
northern-colorado-winters-market-fort-collins,Northern Colorado Winters Market,Fort Collins,unknown,,,dead,0,2026-10-03,belocalnc.org connections reset and the TLS certificate belongs to a different host; site appears lapsed.
northfield-farmers-market-denver,Northfield Farmers Market,Denver,unknown,,,dead,0,2026-10-03,stapletondenver.com event page connection refused; could not check.
norwood-farm-and-craft-market-norwood,Norwood Farm and Craft Market,Norwood,unknown,,,dead,0,2026-10-03,"norwoodfarmmarket.org does not resolve; a web search found only directories and Facebook, no official vendor list."
old-colorado-city-farmers-market-colorado-springs,Old Colorado City Farmers Market,Colorado Springs,no,,,live,0,2026-10-03,Vendors page only describes vendor selection and the (closed) 2026 application; no vendor names listed.
old-south-pearl-street-association-farmers-market-denver,Old South Pearl Street Association - Farmers Market,Denver,yes,https://southpearlstreet.com/farmers-market/,2026,live,153,2026-10-03,"Captured the ""2026 Vendors"" list only; ""(New!)"" flags stripped, ""(August)"" kept on Silly Goose Granola. A separate ""2026 Merchants"" list of brick-and-mortar street businesses was not captured."
orchard-farmers-market-westminster,Orchard Farmers Market,Westminster,yes,https://orchardfarmersmarket.com/sunday-farmers-market/,2026,live,54,2026-10-03,"""Our 2026 lineup"" on the Sunday Farmers Market page; page says vendor participation varies each week. Names kept as written (some lowercase)."
orchard-valley-farms-market-black-bridge-winery-paonia,Orchard Valley Farms & Market / Black Bridge Winery,Paonia,no,,,live,0,2026-10-03,"A single farm market/winery, not a multi-vendor market; no vendor list. Site rejects default curl but loads with browser headers."
pagosa-farmers-market-pagosa-springs,Pagosa Farmers Market,Pagosa Springs,no,,,live,0,2026-10-03,"Homepage describes categories (growers, producers, makers) but names no vendors; no vendor page found. Same site as pagosa-springs-farmers-market-pagosa-spgs."
pagosa-springs-farmers-market-pagosa-spgs,Pagosa Springs Farmers Market,Pagosa Spgs,no,,,live,0,2026-10-03,Same site as pagosa-farmers-market-pagosa-springs; homepage names no vendors and no vendor page found.
painted-prairie-open-air-markets-presented-by-grateful-garden-llc-aurora,Painted Prairie Open Air Markets,Aurora,no,,,live,0,2026-10-03,"Operator site gratefulgardenllc.com has a /vendors page but it lists Green Valley Ranch Farmers Market vendors (2024), not Painted Prairie; the Painted Prairie page has no vendor names."
palisade-sunday-farmers-market-palisade,Palisade Sunday Farmers' Market,Palisade,yes,https://townofpalisade.mymarket.org/profiles,2026,live,135,2026-10-03,"Town page links to a MarketWurks ""2026 Vendor Profiles"" list. It includes musical entertainers, non-profits and sponsors under their own categories; all captured as listed. Town site returns 403 to plain curl but loads with browser headers."
parker-farmers-market-parker,Parker Farmers Market,Parker,no,,,live,0,2026-10-03,"parkercolorado.net page gives dates, hours and product types plus a vendor application link; no vendor names. Page text still mentions the 2025 season."
plateau-valley-farmers-market-collbran,Plateau Valley Farmers Market,Collbran,unknown,,,dead,0,2026-10-03,Listed URL returns 404 and the church homepage has no market info; web search found no official site or vendor list.
pueblo-farmers-market-eastside-pop-ups-pueblo,Pueblo Farmers Market Eastside Pop-ups,Pueblo,yes,https://pueblofarmersmarket.org/#vendors,2026,live,9,2026-10-03,"Homepage ""Meet the vendors"" carousel lists this season's vendors for the Pueblo Farmers Market (Eastside pop-ups are part of the same market). Only 9 shown; may be a partial/featured set."
pueblo-farmers-market-pueblo,Pueblo Farmers Market,Pueblo,yes,https://pueblofarmersmarket.org/#vendors,2026,live,9,2026-10-03,"Homepage ""Meet the vendors"" carousel (this season) shows only a handful of vendors, so it may be a partial list; the separate /vendors/ page 404s."
ridgway-farmers-market-ridgway,Ridgway Farmers Market,Ridgway,yes,https://www.ridgwayfarmersmarket.com/our-vendors,2026,live,67,2026-10-03,"Squarespace page ""Our 2026 Vendors"". Heading-to-list grouping was inferred from page order (the layout is a grid); category assignment for some groups may be off by one block."
rifle-farmers-market-rifle,Rifle Farmers Market,Rifle,no,https://riflefarmersmarket.com/vendors/,,live,0,2026-10-03,Vendors page has only application info and vendor categories; no named vendors.
rocky-mountain-indoor-farmers-market-fort-collins,Rocky Mountain Indoor Farmers Market,Fort Collins,unknown,,,blocked,0,2026-10-03,Site returns 403 to plain requests and with a browser UA serves a near-empty page with ad/tracking redirects (looks hijacked/parked); not trusted. A web search found no official vendor list.
royal-gorge-farmers-market-ca-on-city,Royal Gorge Farmers Market,Cañon City,no,https://www.royalgorgechamberalliance.org/royal-gorge-farmers-market/,,live,0,2026-10-03,"Chamber page has schedule, sponsorship tiers and vendor application links (Marketspread) only; no named vendors. Duplicate market record in our data covered by this file."
salida-farmers-market-salida,Salida Farmers Market,Salida,yes,https://www.foodshedalliance.com/meet-our-vendors,2026,live,80,2026-10-03,Page headed 'Salida vendors 2026'; Ride On listed twice (deduped). Captured by direct HTML parse.
scanga-meat-company-salida,Scanga Meat Company,Salida,no,,,live,0,2026-10-03,Single-business meat company site (address/phone only); not a multi-vendor market.
south-fork-farmers-market-south-fork,South Fork Farmers Market,South Fork,no,https://www.southfork.org/market-at-south-fork,,live,0,2026-10-03,Visitor center page gives hours and a vendor registration link; no named vendors.
south-university-farmers-market-greenwood-village,South University Farmers Market,Greenwood Village,no,https://southuniversityfarmersmarket.com/pages/farmersmarkets,,live,0,2026-10-03,Shopify site only has a stale 2024 vendor-application notice (Sedalia location); no vendor list.
southlands-farmers-market-aurora,Southlands Farmers' Market,Aurora,no,https://www.shopsouthlands.com/eventprograms/farmers-market/,,live,0,2026-10-03,Page gives dates/location and generic product types plus a vendor-application link; no named vendors.
southwest-plaza-farmers-market-littleton,Southwest Plaza Farmers' Market,Littleton,no,https://denverfarmersmarket.com/mdfm-legends/,,live,0,2026-10-03,"Operator site (Metro Denver Farmers Market) has no per-market vendor list. Its ""MDFM Legends"" page names long-time vendors attending its markets generally, not specific to Southwest Plaza, so not captured."
stapleton-farmers-market-denver,Stapleton Farmers' Market,Denver,no,,,live,0,2026-10-03,"Page (Central Park MCA, Sundays on The Green, managed by Jarman and Co.) describes the market but names no vendors; only a vendor-application link."
sterling-ranch-farmers-market-littleton,Sterling Ranch Farmers' Market,Littleton,no,,,live,0,2026-10-03,"Metro Denver Farmers' Market site lists the Sterling Ranch market dates but no per-market vendor list; its MDFM Legends page is an operator-wide list of long-time vendors, not specific to this market."
telluride-farmers-market-telluride,Telluride Farmers' Market,Telluride,yes,https://www.thetelluridefarmersmarket.com/our-vendors,2026,live,26,2026-10-03,"Our Vendors page links category pages (produce, meat and eggs, prepared food, artisan crafts, nonprofits); all captured."
the-arbol-farmers-market-paonia,The Arbol Farmers Market,Paonia,yes,https://www.thelearningcouncil.org/arbol-farmers-market,2026,live,12,2026-10-03,'Meet Our Current Vendors' list on the Arbol Farmers Market page of The Learning Council site.
the-asian-palate-marketplace-catering-buena-vista,The Asian Palate Marketplace & Catering,Buena Vista,no,,,live,0,2026-10-03,"Single business (private chef, catering and events); not a multi-vendor market."
the-backyard-market-in-black-forest-colorado-springs,The Backyard Market in Black Forest,Colorado Springs,yes,https://thebackyardmarkets.com/black-forest-market,2026,live,69,2026-10-03,Weekly 'Vendor Line Up' (dated October 3rd) on the Black Forest market page; site says 70+ vendors.
the-community-market-at-naropa-boulder,The Community Market at Naropa,Boulder,unknown,,,dead,0,2026-10-03,Listed URL returns Page not found on naropa.edu; a web search found no official vendor page.
the-larkspur-farmers-market-larkspur,The Larkspur Farmers Market,Larkspur,no,,,live,0,2026-10-03,Homepage describes product types and has a Join as a Vendor link but names no vendors.
the-lettucehead-food-company-buena-vista,The Lettucehead Food Company,Buena Vista,no,,,live,0,2026-10-03,"Single health-food grocery store, not a multi-vendor market."
the-saturday-market-at-tagawa-gardens-centennial,The Saturday Market at Tagawa Gardens,Centennial,unknown,,,blocked,0,2026-10-03,"Site returned HTTP 403 (bot challenge) to curl and WebFetch, so no vendor list could be checked."
tiri-s-garden-farmers-market-denver,Tiri's Garden Farmers Market,Denver,unknown,,,redirect,0,2026-10-03,"concertsforkids.org redirects (301) to ampthecause.org, which could not be fetched (certificate mismatch); no vendor list found."
town-of-windsor-windsor,Town of Windsor (farmers market),Windsor,no,,,live,0,2026-10-03,Town page lists vendor categories only and says 2027 applications open in winter; no named vendors.
trinidad-community-farmers-market-trinidad,Trinidad Community Farmers Market,Trinidad,no,,,live,0,2026-10-03,Vendors page has only application info (2025 dates); no named vendors.
union-station-farmers-market-denver,Union Station Farmers Market,Denver,no,https://unionstationfarmersmarket.com/,,live,0,2026-10-03,Site is stale (2023 season); its 2023 Vendors section says 'Coming soon!' with no names.
urban-farmers-market-denver,Urban Farmers' Market,Denver,no,,,redirect,0,2026-10-03,"urbanmarketdenver.com frames coloradoevents.org/urbanmarket (Urban Market, a craft market by Colorado Events); only dates, description and vendor application info, no vendor list."
vail-farmers-market-vail,Vail Farmers' Market,Vail,yes,https://www.vailfarmersmarket.com/2026-vendors,2026,live,157,2026-10-03,"Official 2026 vendor page lists Sunday Market and Thursday Market vendors by name (some appear in both); names only, website links not captured."
wellington-farmers-market-wellington,Wellington Farmers Market,Wellington,unknown,,,dead,0,2026-10-03,"Homepage returned only a tiny stub page that redirects to '/' (no content, no spam seen); not investigated further per single-curl instruction."
westcliffe-farmers-market-westcliffe,Westcliffe Farmers Market,Westcliffe,no,,,live,0,2026-10-03,"Site has only About, Contact and a 2026 vendor registration page; no named vendors."
williams-family-markets-parker,Williams Family Markets,Parker,no,https://thelocalcolorado.com/parker-farmers-market/,,live,0,2026-10-03,Parker Farmers Market page says 'over 100 vendors' but names none; Vendors nav goes to a contact form.
wolf-creek-fresh-strasburg,Wolf Creek Fresh,Strasburg,no,,,live,0,2026-10-03,"This is a CSA farm site, not a market; no vendor list."
woodland-park-farmers-market-woodland-park,Woodland Park Farmers Market,Woodland Park,yes,https://wpfarmersmarket.com/market-vendors,2026,live,126,2026-10-03,"Vendor Profiles list (MarketWurks embed on wpfarmersmarket.com/market-vendors) with 2026 dates Jun 5-Sep 25; includes farms, crafts, food trucks, nonprofits, musicians and sponsors, by category."
yampa-valley-foods-steamboat-springs,Yampa Valley Foods,Steamboat Springs,yes,https://communityagalliance.org/producer-directory/,,live,74,2026-10-03,Community Agricultural Alliance Producer Directory (Yampa Valley Foods program); lists local producers with location and bios; list_category is the directory tag where given. Not a single market; season not stated.
