Business Name,Listed Website,Link Status,Verdict,Recommended Website,Recommended Facebook,Recommended Instagram,Evidence,Data Fixes
PIFCA – Partnership for Community Action,https://www.gopfca.com/,OK,NOT RESEARCHED (link OK),https://www.gopfca.com/,,,,
Guidestone Colorado’s Free Community Fridge,https://www.instagram.com/salidacommunityfridge,OK,NOT RESEARCHED (link OK),https://www.instagram.com/salidacommunityfridge,,https://www.instagram.com/salidacommunityfridge,,
Caring & Sharing – Sanctuary Soup Kitchen,,NONE LISTED,ACTIVE,https://salidacaringsharing.org/,https://www.facebook.com/SalidaCaringSharing/,https://www.instagram.com/caringandsharingsalida,Ark Valley Voice 2025-12-19,Same org as Chaffee Community Resource Center; same address
Arkansas Valley Christian Mission,https://www.avcmbv.org/,OK (Wix false positive),ACTIVE,https://www.avcmbv.org/,,,Ark Valley Voice 2025-11-11,
Mushroom Love Co,http://www.mushroomloveco.com,OK,NOT RESEARCHED (link OK),http://www.mushroomloveco.com,,,,
Colorado Mountain Lavender,https://coloradomountainlavender.com,OK,NOT RESEARCHED (link OK),https://coloradomountainlavender.com,,,,
Hutchinson Ranch,https://www.hutchranchsalida.com,OK,ACTIVE,https://www.hutchranchsalida.com,https://www.facebook.com/HutchinsonRanch/,,"Site live, current content",Site address 6700 Old Corral Rd (listing: 9181 US Hwy 50)
Headwater Farms,https://www.headwaterfarmco.com/,OK,NOT RESEARCHED (link OK),https://www.headwaterfarmco.com/,,,,
Valley Roots Food Hub,https://www.valleyrootsfoodhub.com/,OK,NOT RESEARCHED (link OK),https://www.valleyrootsfoodhub.com/,,,,
Sweet Pea Farm’s Wildflower Honey,,NONE LISTED,ACTIVE,,https://www.facebook.com/SweetPeaFarmHoney,,On 2026 Salida Farmers Market vendor list,
Copper Kettle Apothecary,http://www.copperkettleapothecary.com,DEAD (404),LIKELY ACTIVE,https://copperkettleapothecary.square.site/,https://www.facebook.com/copperkettleapothecary/,,Square site live; 2025-26 directory reviews,Phone likely now (719) 530-7111; one source says 107 F St
Cottonwood Spirit Ranch,https://cottonwoodspiritranch.com,OK,NOT RESEARCHED (link OK),https://cottonwoodspiritranch.com,,,,
The Grainery Ministries,http://www.thegraineryministries.org,BAD (redirects to security-threat warning; domain looks hijacked),ACTIVE,,https://www.facebook.com/graineryministries/,,HOTR Radio 2025-11-21 fundraiser; Mountain Mail 2025-05 food drive,Remove website; phone likely (719) 530-9050
Salida Quality Dairy,,NONE LISTED,LIKELY CLOSED,,,,CO SOS: LLC delinquent since 2024-08-01,Drop
Chaffee Community Resource Center,http://salidacaringsharing.org/the-resource-center/,DEAD (404 deep link; homepage 'under maintenance'),ACTIVE,https://salidacaringsharing.org/,https://www.facebook.com/SalidaCaringSharing/,https://www.instagram.com/caringandsharingsalida,Ark Valley Voice 2025-12-19 (expanding; Tue-Thu 11-2),
Mountain Goat Lodge,https://mountaingoatlodge.com,OK,NOT RESEARCHED (link OK),https://mountaingoatlodge.com,,,,
Salida Cattle Company,Http://www.salidacattlecompany.com,OK (Wix false positive),LIKELY ACTIVE,https://www.salidacattlecompany.com/,,,Site live but nothing dated after ~2022,
The Lettucehead Food Company,http://www.thelettucehead.com,OK,NOT RESEARCHED (link OK),http://www.thelettucehead.com,,,,
Chaffee Cares,http://www.chaffeecares.org,OK (JS-rendered),ACTIVE,https://www.chaffeecares.org/,,,Mountain Mail letter 2026-06-11,"Phone may be 719-239-1318; referral-only assistance fund, may not fit trail"
Salida Community Center,http://www.salidacommunitycenter.org,OK,NOT RESEARCHED (link OK),http://www.salidacommunitycenter.org,,,,
Eddyline Restaurant at Southmain,https://eddylinebrewing.com/restaurant-menu-boards/,OK,NOT RESEARCHED (link OK),https://eddylinebrewing.com/restaurant-menu-boards/,,,,
Phytology Flowers Farm,https://www.phytologyflowers.com,OK,NOT RESEARCHED (link OK),https://www.phytologyflowers.com,,,,
Salida First Presbyterian Church,http://www.salidafirstpresbyterianchurch.org,DEAD (DNS),ACTIVE,https://www.salidapresbyterian.org/,https://www.facebook.com/p/First-Presbyterian-Church-Salida-Colorado-100064411250795/,,Sermons posted through 2026-09-27,Phone on church site 719-539-6422 (listing has 239-0406)
SOIL Sangre de Cristo,https://www.soilsangredecristo.org/,OK,NOT RESEARCHED (link OK),https://www.soilsangredecristo.org/,,,,
Scanga Meat Company,http://www.scangameat.com/,OK (placeholder page),ACTIVE,https://scangameat.com/,https://www.facebook.com/SCANGAMEATCO/,,Listing updated 2025-10,
Poncha Creek Gardens,https://ponchacreekgardens.com,DEAD (domain for sale),LIKELY ACTIVE,https://ponchacreekgardens.wordpress.com/our-products/,https://www.facebook.com/PonchaCreekGardens/,,Last blog post 2024-11-10; Square shop live,"Website per maintainer; phone 720-380-2121, ponchacreekgardens@gmail.com"
Everett Ranch Beef,,NONE LISTED,LIKELY ACTIVE,,https://www.facebook.com/everettranchbeef/,,Beef delivery July 2025 (snippet); wedding venue active 2026,Phone 719-530-1597
Guidestone Colorado,http://www.GuidestoneColorado.org,OK,NOT RESEARCHED (link OK),http://www.GuidestoneColorado.org,,,,
Colorado Farm to Table,http://coloradofarmtotable.org/,OK,NOT RESEARCHED (link OK),http://coloradofarmtotable.org/,,,,
Moonstone Farm,http://www.moonstoneventures.com,DEAD (Cloudflare DNS error),UNCLEAR - not a food producer,,,,Coaching/retreat business; FB snapshot 2022,Likely drop (no farm products found)
Snow Angel Greenhouse,Http://www.SnowAngel.CO,DEAD (site now redirects to a coffee FB page),UNCLEAR,,https://www.facebook.com/SnowAngelCoffee/,,Last greenhouse news 2021; pivoted to coffee,Likely drop as a greenhouse
Rocky Mountain Garlic,http://rockymountaingarlic.net/,OK,NOT RESEARCHED (link OK),http://rockymountaingarlic.net/,,,,
Lewis Lazy L Ranch,,NONE LISTED,ACTIVE,,https://www.facebook.com/myredcows/,,2025 Conservation Award (HOTR Radio 2025-08-25),
"Bighorn Apiary, LLC",https://www.facebook.com/Bighorn-Apiary-LLC-102091961174853/,"FB page exists, no activity visible","UNCLEAR, leaning closed",,https://www.facebook.com/Bighorn-Apiary-LLC-102091961174853/,,No independent presence found,Needs a human check
The Asian Palate Marketplace & Catering,https://www.theasianpalate.com,OK,NOT RESEARCHED (link OK),https://www.theasianpalate.com,,,,
Trout Creek Farm,https://www.troutcreekfarm.com,OK (Wix title leftover),LIKELY ACTIVE,https://www.troutcreekfarm.com,,,LocalHarvest updated 2025-01-21,"Address now 28872 CR 330, Buena Vista; @troutcreekfarm IG is a different farm"
Jumpin’ Good Goat Dairy,https://www.jumpingoodgoats.com,DEAD (404),CLOSED - successor at same site,https://www.buckandbloomcheese.com/,,https://www.instagram.com/buckandbloomcheese,Buck & Bloom restarted the dairy facility spring 2025,Replace with Buck & Bloom Cheese Co. (same address)
Foodshed Alliance,https://www.foodshedalliance.com,OK,NOT RESEARCHED (link OK),https://www.foodshedalliance.com,,,,
Meadows Edge Farm,,NONE LISTED,LIKELY ACTIVE,,https://www.facebook.com/meadowsedgefarmbv/,https://www.instagram.com/meadowsedgefarmbv/,Social exists; no dated post seen,
Erin’s Geothermal Greenhouse,https://www.erinsgreenhouse.com,DEAD (DNS),LIKELY CLOSED,,,,Nothing since ~2013,Drop
Badger Creek Ranch,https://www.badgercreekranch.com/grass-fed-meat,DEAD deep link; homepage OK,ACTIVE,https://store.badgercreekranch.com/,,,Store live with current pickups; Yelp updated 2026-04,Pickup at Coaldale ranch annex (Fremont Co.)
Arrowpoint Cattle Company,https://www.arrowpointcattle.com,OK,NOT RESEARCHED (link OK),https://www.arrowpointcattle.com,,,,
