Business Name,Category,Address,City,Zip,Phone,Website,Email,Facebook,Instagram,Hours,Products,Notes,Latitude,Longitude,Status,Source URLs,Researched,Found Via
The Triangle Oasis,"On-Farm / Ranch Sales, CSA Farm, U-Pick",8875 Co Rd 150,Salida,81201,,https://www.thetriangleoasis.com/,thetriangleoasis@gmail.com,,https://www.instagram.com/thetriangleoasisproject/,"Pick-your-own flowers by appointment, June–October","Seasonal produce, vegetables, herbs, flowers, seedlings, roasted chilies, sausages, frozen treats",Farm with a seasonal farm store and a 2026 CSA (pickup at the Salida Farmers Market or the downtown Market on Main St. store at 125 N. F St).,,,add,https://www.thetriangleoasis.com/markets; https://www.thetriangleoasis.com/farmstand; https://www.thetriangleoasis.com/,2026-10-04,Salida Farmers Market 2026 vendor list (foodshedalliance.com/meet-our-vendors)
Market on Main St. (The Triangle Oasis),Farm Store,125 N. F St,Salida,,,https://www.thetriangleoasis.com/markets,thetriangleoasis@gmail.com,,,,"Food, produce, veggies, flowers, locally made goods",The Triangle Oasis's downtown store; also a CSA pickup point.,,,add,https://www.thetriangleoasis.com/markets,2026-10-04,Salida Farmers Market 2026 vendor list (foodshedalliance.com/meet-our-vendors)
Buck and Bloom Cheese Co,"On-Farm / Ranch Sales, Agritourism",31700 US Highway 24 North,Buena Vista,81211,,https://www.buckandbloomcheese.com/,buckandbloomcheese@gmail.com,,https://www.instagram.com/buckandbloomcheese/,,"Artisan goat and cow cheeses (chèvre, fromage blanc, goat feta, bloomy rinds, pepperjack, cave-aged), eggs",Creamery at the BV Farm General Store (open 7 days; farm tours by booking). Reopened spring 2025 in the former Jumpin' Good Goat Dairy facility.,,,add,https://www.buckandbloomcheese.com/; https://www.buenavistafarm.com/news.html; https://www.buenavistafarm.com/,2026-10-04,Salida Farmers Market 2026 vendor list (foodshedalliance.com/meet-our-vendors)
Banyan Breads,Bakery,110 E 1st Street,Salida,81201,,https://banyanbreads.com/,,,https://www.instagram.com/banyan_breads/,"Shop open mornings; preorder pickup Thu, Fri, Sun","Country sourdough, maple whole wheat, sourdough bagels, baguette, whole-grain German rye, babka",,,,add,https://banyanbreads.com/,2026-10-04,Salida Farmers Market 2026 vendor list (foodshedalliance.com/meet-our-vendors)
Palisade Peach Shack,"Roadside Market, U-Pick",757 37 3/10 Rd,Palisade,81526,970-464-2091,https://www.palisadepeachshack.com/,,https://www.facebook.com/PalisadePeachShackWesternSlope/,https://www.instagram.com/palisadepeachshack/,U-pick orchard tours in summer season,"Peaches, cherries, apricots, pears, melons, corn, jams, peach butter, salsas, pies, coffee, ice cream","Pin is the u-pick tour start (757 37 3/10 Rd, per the business's own site). The fruit stand / local market is at 451 Wine Valley Rd, Palisade (per the Palisade Chamber and Yelp).",,,add,https://www.palisadepeachshack.com/; https://business.palisadecoc.com/list/member/palisade-peach-shack-879; https://www.yelp.com/biz/palisade-peach-shack-palisade-6,2026-10-04,Salida Farmers Market 2026 vendor list (foodshedalliance.com/meet-our-vendors)
Bristlecone Bakeshop,Bakery,15 S. Main St,Alma,80420,(908) 451-5727,https://www.bristleconebakeshop.com/,maggie@bristleconebakeshop.com,,https://www.instagram.com/bristlecone_bakeshop/,Wed–Sat 7am–2pm; Sun 7am–12pm,"Sourdough loaves, sweet and savory pastries, breakfast sandwiches, cookies, cold sandwiches",,,,add,https://www.bristleconebakeshop.com/the-bakeshop; https://www.yelp.com/biz/bristlecone-bake-shop-alma,2026-10-04,Salida Farmers Market 2026 vendor list (foodshedalliance.com/meet-our-vendors)
Raisin' Rye,Bakery,675 Grand Ave,Del Norte,81132,(719) 588-2857,,,https://www.facebook.com/raisinrye/,https://www.instagram.com/raisinryebakery/,,"Sourdough breads and bagels, rye, scones, muffins, gluten-free brownies; coffee","Bakery and coffee shop. Listings disagree on hours, so check before visiting.",,,add,https://www.instagram.com/raisinryebakery/; https://opengovco.com/business/20251135748; https://www.yelp.com/biz/raisin-rye-del-norte,2026-10-04,Salida Farmers Market 2026 vendor list (foodshedalliance.com/meet-our-vendors)
Greg's Gourmet Greens,Other,,Poncha Springs,,,https://gregsgourmetgreens.com/,gregsgourmetgreens@gmail.com,,,,"Microgreens, freeze-dried produce, herbs, mushrooms",Online and weekly delivery; PO Box only.,,,market-only,https://gregsgourmetgreens.com/contact/,2026-10-04,Salida Farmers Market 2026 vendor list (foodshedalliance.com/meet-our-vendors)
Rama's Bread,Bakery,,Salida,,,,,https://www.facebook.com/ramasbread/,,,"Turkish/Kurdish breads, baklava, sweets",A 211 F St storefront was reported in Feb 2022 but isn't confirmed still open. Upgrade to add if someone confirms it.,,,market-only,https://www.themountainmail.com/news/business/kurdish-baker-sets-up-shop-in-salida/article_4f13046c-8933-11ec-b5e7-c3a8134a1b0c.html; https://marketspread.com/vendor/126980/ramas-bread/,2026-10-04,Salida Farmers Market 2026 vendor list (foodshedalliance.com/meet-our-vendors)
Kristy's Sweet Garden,Bakery,,Salida,,,,,https://www.facebook.com/people/Kristys-Sweet-Garden/61584032307685/,,,"Decorated and assorted cookies, decorating kits",Only evidence: the vendor list and a Facebook page.,,,market-only,https://www.facebook.com/people/Kristys-Sweet-Garden/61584032307685/,2026-10-04,Salida Farmers Market 2026 vendor list (foodshedalliance.com/meet-our-vendors)
Miss Penn's Mountain Seeds,Other,,Westcliffe,,719-783-2917,https://www.pennandcordsgarden.com/miss-penns-mountain-seeds.html,,,https://www.instagram.com/misspennsmountainseeds/,,Heirloom mountain-adapted seeds (about 250 tomato varieties),"Online and mail orders; the street address is for mail only, do not publish.",,,market-only,https://www.pennandcordsgarden.com/store.html,2026-10-04,Salida Farmers Market 2026 vendor list (foodshedalliance.com/meet-our-vendors)
Alpine Valley Mushrooms,Other,,Saguache,81149,(303) 916-2691,https://www.alpinevalleymushrooms.com/,alpinevalleymushrooms@gmail.com,https://www.facebook.com/alpinevalleymushrooms/,https://www.instagram.com/alpinevalleymushrooms/,,"Certified organic gourmet mushrooms, fresh and dried; tinctures, extracts",No on-farm store (per Real Organic Project); sold through San Luis Valley retailers. Farm address isn't published for visitors.,,,market-only,https://www.alpinevalleymushrooms.com/our-story; https://realorganicproject.org/directory/alpine-valley-mushrooms/,2026-10-04,Salida Farmers Market 2026 vendor list (foodshedalliance.com/meet-our-vendors)
Foxtown Farm,Other,,Buena Vista,,,https://foxtownfarm.com/,info@foxtownfarm.com,,https://www.instagram.com/foxtownfarm/,,"Ginger, turmeric and elderberry honey syrups, fire cider, crystallized ginger","Online, retail and markets only. Town is disputed: Buena Vista per Marketspread, Denver per the City Park market.",,,market-only,https://foxtownfarm.com/pages/contact; https://marketspread.com/vendor/132934/foxtown-farm/,2026-10-04,Salida Farmers Market 2026 vendor list (foodshedalliance.com/meet-our-vendors)
Feedsack Flowers,Other,,Center,,,,,https://www.facebook.com/Feedsackflowers/,,,"Cut-flower bouquets, dried and pressed flower art","Low confidence: a farm with the same name shows up in Texline, TX. Check the Facebook page by hand.",,,market-only,https://www.facebook.com/Feedsackflowers/,2026-10-04,Salida Farmers Market 2026 vendor list (foodshedalliance.com/meet-our-vendors)
Westcliffe Honey Company,Other,,Westcliffe,,,https://www.westcliffehoneyco.com/,info@WestcliffeHoneyCo.com,,,,"Raw, creamed and infused honey, comb honey, beeswax goods","Sold at Salty Pine Floral & Boutique (Main St, Westcliffe) and the Westcliffe Farmers Market; no farm visits.",,,market-only,https://www.westcliffehoneyco.com/,2026-10-04,Salida Farmers Market 2026 vendor list (foodshedalliance.com/meet-our-vendors)
Canon Bread Basket,Bakery,,Cañon City,,,https://www.hotplate.com/canonbreadbasket,,,,,"Sourdough breads, cinnamon rolls, scones",Weekly pre-order for local pickup; pickup location isn't published.,,,market-only,https://www.hotplate.com/canonbreadbasket,2026-10-04,Salida Farmers Market 2026 vendor list (foodshedalliance.com/meet-our-vendors)
Cabin Kitchen Co,Bakery,,Westcliffe,81252,,,cabinkitchenco@gmail.com,https://www.facebook.com/cabinkitchencolorado/,https://www.instagram.com/cabinkitchenco/,,"Swedish buns, donuts, decorated cookies, pies, dog treats","Cottage micro-bakery selling at markets (also the Royal Gorge Farmers Market) and by pre-order. Home address, do not publish.",,,market-only,https://marketspread.com/vendor/185722/cabin-kitchen-co/; https://www.peak-education.com/kris-kindle-art-vendors,2026-10-04,Salida Farmers Market 2026 vendor list (foodshedalliance.com/meet-our-vendors)
Microgreen Creations LLC,,,,,,,,,,,,"No web presence, town or registry entry beyond the vendor list.",,,skip,,2026-10-04,Salida Farmers Market 2026 vendor list (foodshedalliance.com/meet-our-vendors)
Martha's Woodfired,,,Westcliffe,,,,,,,,,No web presence beyond the vendor list and one Salida city meeting PDF.,,,skip,,2026-10-04,Salida Farmers Market 2026 vendor list (foodshedalliance.com/meet-our-vendors)
Hoots,,,,,,,,,,,,Only the vendor list; town unknown. Mostly a ceramics vendor.,,,skip,,2026-10-04,Salida Farmers Market 2026 vendor list (foodshedalliance.com/meet-our-vendors)
