action,name,city,target_name,target_city,keep_name,note
merge,Aspen Farmers' Market,Aspen,Aspen Saturday Market,Aspen,,Same downtown Saturday market; USDA record was empty (reviewed 2026-10-03)
merge,The Delta Farmers Market & Bazaar,Delta,Delta Farmers Market,Delta,,Same address and website (reviewed 2026-10-03)
merge,Fort Morgan Farmers Market at The Block,Fort Morgan,Fort Morgan Farmers Market,Fort Morgan,,Same address/site/Saturday hours (reviewed 2026-10-03)
merge,Glenwood Downtown Market,Glenwood Springs,Glenwood Springs Downtown Market on 7th,Glenwood Springs,,Original market closed 2022; the downtown authority now runs it as Market on 7th (reviewed 2026-10-03)
merge,Golden Chamber of Commerce,Golden,Golden Farmers Market,Golden,,Colorado Proud lists the market under its organizer (reviewed 2026-10-03)
merge,Aspen Grove Lifestyle Center Farmers' Market,Littleton,Aspen Grove Farmers Market,Littleton,,Same address; Fri 10-2 (reviewed 2026-10-03)
merge,City of Loveland Parks & Rec,Loveland,Loveland Farmers Market at Fairgrounds Park,Loveland,,Colorado Proud lists the market under the city dept; same address/hours (reviewed 2026-10-03)
merge,City of Rifle Farmer's Market,Rifle,Rifle Farmers Market,Rifle,,Same website; Fri 4-8 (reviewed 2026-10-03)
merge,"South Fork Farmers, Local Artisan and Antique Market",South Fork,South Fork Farmers Market,South Fork,,Same website and hours (reviewed 2026-10-03)
merge,Highland United Neighbors Farmers' Market,Denver,Highland Farmers' Market,Denver,,Stale listing of the same market; its 970 S Pearl address is wrong (reviewed 2026-10-03)
merge,Papa Franks,Denver,RoastedChile.com,Denver,,Same website; addresses a block apart (reviewed 2026-10-03)
merge,The Friend-ly Farm,Olathe,DeVries Fruit & Veggie Roadside Stand / The Friend-ly Farm,Olathe,,Same farm listed as on-farm sales and agritourism; target has the geocodable address (reviewed 2026-10-03)
distinct,Cultiva! Youth Project,Boulder,Growing Gardens,Boulder,,Cultiva is a Growing Gardens program but stays a separate listing (user decision 2026-10-03)
distinct,Arvada Farmers Market,Arvada,Arvada Five Parks Farmers Market,Arvada,,Different markets (reviewed 2026-10-03)
distinct,Boulder Creek Winery,Boulder,Boulder Farmers Market,Boulder,,Different businesses; shared town name only (reviewed 2026-10-03)
distinct,Boulder Family Farms,Boulder,Boulder Farmers Market,Boulder,,Different businesses; shared town name only (reviewed 2026-10-03)
distinct,Backyard Market in Black Forest - Holiday,Colorado Springs,The Backyard Market in Black Forest,Colorado Springs,,Seasonal edition at a different site (reviewed 2026-10-03)
distinct,Backyard Market in Black Forest - Winter,Colorado Springs,The Backyard Market in Black Forest,Colorado Springs,,Seasonal edition at a different site (reviewed 2026-10-03)
distinct,Cortez Creamery,Cortez,Cortez Farmers Market,Cortez,,Different businesses; shared town name only (reviewed 2026-10-03)
distinct,Delta County Colorado Agritours,Delta,Delta Farmers Market,Delta,,Different businesses; shared town name only (reviewed 2026-10-03)
distinct,Denver Urban Gardens  DeLaney Community Farm (Aurora),Denver,Urban Farmers' Market,Denver,,Different organizations (reviewed 2026-10-03)
distinct,Feed Denver: Urban Farms & Markets,Denver,Urban Farmers' Market,Denver,,Different organizations (reviewed 2026-10-03)
distinct,Evergreen Farmers Market,Evergreen,Evergreen Farmers Market THE ORIGINAL,Evergreen,,Two competing Tuesday markets at different addresses (verified online 2026-10-03)
distinct,Fort Collins Farmers' Market,Fort Collins,Fort Collins Winter Farmers Market,Fort Collins,,Summer vs winter market (reviewed 2026-10-03)
distinct,Greeley Farmers Market,Greeley,Greeley Winter Farmers' Market,Greeley,,Summer vs winter market (reviewed 2026-10-03)
distinct,Jax Farmer's Market in Lafayette,Lafayette,Lafayette Colorado Farmers Market,Lafayette,,Different markets (reviewed 2026-10-03)
distinct,Downtown Littleton Farmers Market,Littleton,Aspen Grove Farmers Market,Littleton,,Different markets (Sat vs Fri); USDA gives Downtown Littleton the Aspen Grove address (reviewed 2026-10-03)
distinct,Loveland East Farmers Market at Jax,Loveland,Loveland Farmers' Market,Loveland,,Different markets (reviewed 2026-10-03)
distinct,Loveland Green Market,Loveland,Loveland Farmers' Market,Loveland,,Different listings; both possibly defunct (reviewed 2026-10-03)
distinct,Loveland West Farmers Market at JAX,Loveland,Loveland Farmers' Market,Loveland,,Different markets (reviewed 2026-10-03)
distinct,Loveland Farmers Market at Fairgrounds Park,Loveland,Loveland Farmers' Market,Loveland,,Different markets (reviewed 2026-10-03)
distinct,Lyons Farmers Market,Lyons,Lyons Outdoor Market,Lyons,,Sunday farmers market vs Saturday arts/food market (verified online 2026-10-03)
distinct,Pueblo Farmers Market,Pueblo,Pueblo Farmers Market Eastside Pop-ups,Pueblo,,Main market vs pop-ups (reviewed 2026-10-03)
distinct,Salida First Presbyterian Church,Salida,Salida Farmers Market,Salida,,Different places that sit close together (Chaffee Provides; reviewed 2026-10-03)
distinct,Eddyline Restaurant at Southmain,Buena Vista,Buena Vista Farmers' Market,Buena Vista,,Different places that sit close together (Chaffee Provides; reviewed 2026-10-03)
merge,DeLaney Community Farm,Aurora,DeLaney Community Farm - by Project Worthmore,Aurora,,USDA listing of the live Colorado Proud farm (reviewed 2026-10-03)
merge,BlueTrane Heritage Farm,Elbert,"BlueTrane Group, LLC  DBA BlueTrane Heritage Farm",Elbert,BlueTrane Heritage Farm,Same farm; keep the trade name (reviewed 2026-10-03)
merge,Bartels Land and Livestock Upick and Pumpkin Patch,Ft. Collins,Bartels Land & Livestock Inc.,Ft. Collins,Bartels Land & Livestock,Same farm; USDA lists its U-pick (reviewed 2026-10-03)
merge,DeVries Fruit & Veggie Roadside Stand / The Friend-ly Farm,Olathe,DeVries Fruit & Veggie Roadside Stand,Olathe,DeVries Fruit & Veggie Roadside Stand / The Friend-ly Farm,Same stand/farm already merged from USDA; now joins the live Colorado Proud listing (reviewed 2026-10-03)
merge,Sandys Way Microfarm,Sedalia,Sandy's Way Microfarm,SEDALIA,,Same farm; apostrophe only (reviewed 2026-10-03)
distinct,Boulder Valley Honey,Boulder,Boulder Farmers Market,Boulder,,Apiary vs market (reviewed 2026-10-03)
distinct,San Luis Valley Food Company,Del Norte,Raisin' Rye,Del Norte,,Different businesses: caterer at 515 Columbia Ave vs bakery at 675 Grand Ave (reviewed 2026-10-04)
merge,National Celiac Association of Denver,Denver,Gluten Free Farmers Market,Englewood,,"Same market: Colorado Proud lists it under its organizer's name and mailing PO box (denverceliacs.org event page, checked 2026-10-04). Becomes a no-op once the live fix (#24) reaches this data"
merge,Highlands Farmers Market,Denver,Highland Farmers' Market,Denver,,Same market spelled two ways; was merged only by proximity before the name-word rule (reviewed 2026-10-04)
distinct,Chaffee Community Resource Center,,Caring & Sharing – Sanctuary Soup Kitchen,,,Same address (220 W 4th St) and parent organization but separate services with their own details; keep both (user decision 2026-10-05)
distinct,Foodshed Alliance,Salida,Salida Farmers Market,Salida,,Foodshed Alliance runs the Salida Farmers Market but is a separate organization (community/education, food access); keep both (user decision 2026-10-05)
merge,English Farm,Delta,Bills' Pumpkin Patch,Delta,,Same address (52110 Amber Rd): the pumpkin patch is on English Farm (reviewed 2026-10-04)
merge,Delicious Orchards,Hotchkiss,"Big B's Delicious Orchards U-pick, Cafe & Tasting Room",Hotchkiss,,Same orchard (Big B's Delicious Orchards) (reviewed 2026-10-04)
distinct,Wishing Star Farm,Colorado Springs,Four Corners Farm,Colorado Springs,,Different farms; neither has an address so both sit on the town centroid (reviewed 2026-10-04)
distinct,Breckenridge Farmers Market,Breckenridge,Breckenridge Sunday Market,Breckenridge,,Different markets: Thursday evenings at the Exchange Lot vs Sunday Main Street market (reviewed 2026-10-04)
merge,Wild West Excursions LLC and County With The Bounty,Cortez,The County With The Bounty & Wild West Excursions,Cortez,,Same business (The County With The Bounty) (Colorado Proud member review 2026-10-04)
merge,ReKaivery Inc.,Fort Collins,Rekaivery Food Hub,Fort Collins,,Same food hub (ReKaivery Inc.) (Colorado Proud member review 2026-10-04)
merge,Pumpkins And More A-Maiz-ing Farm,Holyoke,Pumpkins and More,Holyoke,,Same farm (Colorado Proud member review 2026-10-04)
merge,Roots From Eden CSA,Loma,Roots From Eden CSA Market and Bakery,Loma,,Same CSA/market (Colorado Proud member review 2026-10-04)
merge,"A Diamond Brand, Ltd./DBA Curtis Ranch",Rye,Curtis Ranch,Rye,,"Curtis Ranch, listed under its company name (Colorado Proud member review 2026-10-04)"
merge,Jones Farms Organics,,Jones Farms Organics,Hooper,,Same farm; one listing had no town (Colorado Proud member review 2026-10-04)
merge,Whitewater Hill Vineyards,,Whitewater Hill Vineyards,Grand Junction,,Same winery; one listing had no town (Colorado Proud member review 2026-10-04)
merge,7Anubis Farms,Akron,7 Anubis Farms,Akron,7 Anubis Farms,Same farm (spelling) (Colorado Proud member review 2026-10-04)
merge,Star View Farm,CO 80513,Star View Farm,Berthoud,,"Same farm; USDA city was ""CO 80513"" (Colorado Proud member review 2026-10-04)"
merge,"Rocky Mountain Events, LLC.",Breckenridge,Breckenridge Sunday Market,Breckenridge,,Organizer listing: Rocky Mountain Events runs the Breckenridge Sunday Market (same Facebook/Instagram) (Colorado Proud member review 2026-10-04)
merge,Clearwater Spring Highlands,Brighton,Hall Family Farmstand,Brighton,Hall Family Farmstand (Clearwater Spring Highlands),"Same farm and website (cshnaturalbeef.com), same location (Colorado Proud member review 2026-10-04)"
merge,Buck & Bloom Cheese Co.,Buena Vista,Buck and Bloom Cheese Co,Buena Vista,,Same creamery (spelling) (Colorado Proud member review 2026-10-04)
merge,Burley Bees,Canon City,Burley Bees,Cañon City,,Same apiary (Cañon/Canon spelling) (Colorado Proud member review 2026-10-04)
merge,Colon Orchards,Cañon City,Colon Orchards,Canon City,,Same orchard (Colorado Proud member review 2026-10-04)
merge,Orchard Farmers Market,Centennial,Orchard Farmers MArket,Westminster,Orchard Farmers Market,"Same market (orchardfarmersmarket.com); held at Orchard Town Center, Westminster (Colorado Proud member review 2026-10-04)"
merge,Backyard Market,Colorado Springs,The Backyard Market in Black Forest,Colorado Springs,,Organizer listing for the same market (same Facebook) (Colorado Proud member review 2026-10-04)
merge,Green Earth Inc,Crestone,Green Earth Farm,Saguache,,Same farm and website (greenearthfarm.com); Crestone is in Saguache County (Colorado Proud member review 2026-10-04)
merge,Honey Rock LLC,Delta,Honey Rock Landing,Delta,,Same business (same Facebook) (Colorado Proud member review 2026-10-04)
merge,Grateful Garden LLC,Denver,Green Vally Ranch NE Denver Farmers Market (Presented by Grateful Garden llc),Denver,,Organizer listing (Grateful Garden) for the Green Valley Ranch market (same Facebook) (Colorado Proud member review 2026-10-04)
merge,Wildcraft Farmers Markets,Fort Collins,Fort Collins Winter Farmers Market,Fort Collins,,Wildcraft runs the Fort Collins Winter Farmers Market (same Facebook) (Colorado Proud member review 2026-10-04)
merge,City of Greeley Farmers Market,Greeley,Greeley Farmers Market,Greeley,,City listing for the same market (same Facebook) (Colorado Proud member review 2026-10-04)
merge,Jamber Acres LLC,Westcliffe,Jamber Acres,Cotopaxi,,Same farm (same Facebook) (Colorado Proud member review 2026-10-04)
merge,City of Loveland Farmers Market,Loveland,Loveland Farmers Market at Fairgrounds Park,Loveland,,City of Loveland's market = the Fairgrounds Park market (Colorado Proud member review 2026-10-04)
distinct,A Kitchen Mouse,Arvada,Battle Creek Ranch LLC,Arvada,,Different businesses; flagged only for a shared town pin or common word (Colorado Proud member review 2026-10-04)
distinct,A Kitchen Mouse,Arvada,Jefferson County Beekeeper Association,Arvada,,Different businesses; flagged only for a shared town pin or common word (Colorado Proud member review 2026-10-04)
distinct,Gentle Earth Farm,Arvada,Inti Farms,Arvada,,Different businesses; flagged only for a shared town pin or common word (Colorado Proud member review 2026-10-04)
distinct,Enjoy Halal,Aurora,Solomon's Grocery & Deli,Aurora,,Different businesses; flagged only for a shared town pin or common word (Colorado Proud member review 2026-10-04)
distinct,Homestead Farms Co.,Aurora,"Rainbow Farms, Rainbow Eggs",AURORA,,Different businesses; flagged only for a shared town pin or common word (Colorado Proud member review 2026-10-04)
distinct,Boulder Family Farms,Boulder,West Wolf Medicinals,Boulder,,Different businesses; flagged only for a shared town pin or common word (Colorado Proud member review 2026-10-04)
distinct,Boulder Farmers Market,Boulder,Boulder Valley School District,Boulder,,Different businesses; flagged only for a shared town pin or common word (Colorado Proud member review 2026-10-04)
distinct,Harvest Origin,Boulder,Ravens Three Apothecary,Boulder,,Different businesses; flagged only for a shared town pin or common word (Colorado Proud member review 2026-10-04)
distinct,Juniper Farm,Carbondale,Potter Farms,Carbondale,,Different businesses; flagged only for a shared town pin or common word (Colorado Proud member review 2026-10-04)
distinct,Johnny's Green Gardens,Colorado Springs,The Sleepy Turtle Coffee Co,Colorado Springs,,Different businesses; flagged only for a shared town pin or common word (Colorado Proud member review 2026-10-04)
distinct,Cortez Creamery,Cortez,Something Cute Co.,Cortez,,Different businesses; flagged only for a shared town pin or common word (Colorado Proud member review 2026-10-04)
distinct,Mercado Del Norte,Del Norte,Raisin' Rye,Del Norte,,Different businesses; flagged only for a shared town pin or common word (Colorado Proud member review 2026-10-04)
distinct,Aspen Baking Company,Denver,Back Home Butchery,Denver,,Different businesses; flagged only for a shared town pin or common word (Colorado Proud member review 2026-10-04)
distinct,Attimo Wine,Denver,"WorldWide Hot Dogs, LLC (Biker Jim's Gourmet Dogs)",Denver,,Different businesses; flagged only for a shared town pin or common word (Colorado Proud member review 2026-10-04)
distinct,Attimo Wine,Denver,Larimer Street Market,Denver,,Different businesses; flagged only for a shared town pin or common word (Colorado Proud member review 2026-10-04)
distinct,"Bet On Me, LLC",Denver,Mile High Thai,Denver,,Different businesses; flagged only for a shared town pin or common word (Colorado Proud member review 2026-10-04)
distinct,"Blue Shed Urban Gardens, LLC",Denver,Urban Farmers' Market,Denver,,Different businesses; flagged only for a shared town pin or common word (Colorado Proud member review 2026-10-04)
distinct,domī,Denver,La Fiesta Restaurant,Denver,,Different businesses; flagged only for a shared town pin or common word (Colorado Proud member review 2026-10-04)
distinct,Highland Farmers' Market,Denver,Rooted Broth,denver,,Different businesses; flagged only for a shared town pin or common word (Colorado Proud member review 2026-10-04)
distinct,Shish Kabob Grill,Denver,The Best Honey,Denver,,Different businesses; flagged only for a shared town pin or common word (Colorado Proud member review 2026-10-04)
distinct,Urban Farmers' Market,Denver,Urban Greens Farm,Denver,,Different businesses; flagged only for a shared town pin or common word (Colorado Proud member review 2026-10-04)
distinct,2BeeKPers,Elizabeth,Kold Prairie Mead,Elizabeth,,Different businesses; flagged only for a shared town pin or common word (Colorado Proud member review 2026-10-04)
distinct,2BeeKPers,Elizabeth,Forest Trail Farm LLC,Elizabeth,,Different businesses; flagged only for a shared town pin or common word (Colorado Proud member review 2026-10-04)
distinct,2BeeKPers,Elizabeth,Beeyond the Hive,Elizabeth,,Different businesses; flagged only for a shared town pin or common word (Colorado Proud member review 2026-10-04)
distinct,Evergreen Farmers Market,Evergreen,Evergreen Sweets,Evergreen,,Different businesses; flagged only for a shared town pin or common word (Colorado Proud member review 2026-10-04)
distinct,Larimer County Farmers' Market,Fort Collins,The Bread Chic,Fort Collins,,Different businesses; flagged only for a shared town pin or common word (Colorado Proud member review 2026-10-04)
distinct,Northern Colorado Winters Market,Fort Collins,POP Colorado,Fort Collins,,Different businesses; flagged only for a shared town pin or common word (Colorado Proud member review 2026-10-04)
distinct,POP Colorado,Fort Collins,"S. A. Wiley Sustainable Fresh Farmed Fish Hatchery, LLC",Fort Collins,,Different businesses; flagged only for a shared town pin or common word (Colorado Proud member review 2026-10-04)
distinct,Blue Ribbon Processing,Fowler,Vine Abiding Farms,Fowler,,Different businesses; flagged only for a shared town pin or common word (Colorado Proud member review 2026-10-04)
distinct,Golden Farmers Market,Golden,"Golden Microgreens, LLC.",Golden,,Different businesses; flagged only for a shared town pin or common word (Colorado Proud member review 2026-10-04)
distinct,Golden Farmers Market,Golden,Golden Poultry And Meats,Golden,,Different businesses; flagged only for a shared town pin or common word (Colorado Proud member review 2026-10-04)
distinct,Golden Poultry And Meats,Golden,The Flower Shack,Golden,,Different businesses; flagged only for a shared town pin or common word (Colorado Proud member review 2026-10-04)
distinct,Golden Poultry And Meats,Golden,The Buffalo Rose,Golden,,Different businesses; flagged only for a shared town pin or common word (Colorado Proud member review 2026-10-04)
distinct,Pressman Wines LLC,Golden,Rome's Sausage,Golden,,Different businesses; flagged only for a shared town pin or common word (Colorado Proud member review 2026-10-04)
distinct,Decadence Gourmet,Grand Junction,Magic Sourdough,Grand Junction,,Different businesses; flagged only for a shared town pin or common word (Colorado Proud member review 2026-10-04)
distinct,Highlands Ranch Farmers' Market,Highlands Ranch,Vi at Highlands Ranch,Highlands Ranch,,Different businesses; flagged only for a shared town pin or common word (Colorado Proud member review 2026-10-04)
distinct,Totty Farms,Ignacio,"Zion Farms, LLC",Ignacio,,Different businesses; flagged only for a shared town pin or common word (Colorado Proud member review 2026-10-04)
distinct,Elevated Microgreens LLC,Indian Hills,Indian Hills Farmer's Market,Indian Hills,,Different businesses; flagged only for a shared town pin or common word (Colorado Proud member review 2026-10-04)
distinct,Cantwell Farms LLC,Keenesburg,Roots Local Goods LLC,Keenesburg,,Different businesses; flagged only for a shared town pin or common word (Colorado Proud member review 2026-10-04)
distinct,Bountiful Meats & Processing,La Jara,Conejos County Farmers' Market,La Jara,,Different businesses; flagged only for a shared town pin or common word (Colorado Proud member review 2026-10-04)
distinct,Downtown Littleton Farmers Market,Littleton,Meat Sweats LLC; DBA: Littleton Meats,Littleton,,Different businesses; flagged only for a shared town pin or common word (Colorado Proud member review 2026-10-04)
distinct,Downtown Littleton Farmers Market,Littleton,Metro Denver Farmers' Market-Littleton,Littleton,,Different businesses; flagged only for a shared town pin or common word (Colorado Proud member review 2026-10-04)
distinct,Gordon Creek Farm LLC,Livermore,"The Jelly Lady, LLC",Livermore,,Different businesses; flagged only for a shared town pin or common word (Colorado Proud member review 2026-10-04)
distinct,100x Farm,Longmont,Modern Farmsteads,Longmont,,Different businesses; flagged only for a shared town pin or common word (Colorado Proud member review 2026-10-04)
distinct,Greener Pasture,Longmont,St. Vrain Cidery,Longmont,,Different businesses; flagged only for a shared town pin or common word (Colorado Proud member review 2026-10-04)
distinct,"LDF, Inc. dba Longmont Dairy Farm",Longmont,Longmont Farmers Market,Longmont,,Different businesses; flagged only for a shared town pin or common word (Colorado Proud member review 2026-10-04)
distinct,Marketplace Bakery,Longmont,Peak Press Juicery LLC,Longmont,,Different businesses; flagged only for a shared town pin or common word (Colorado Proud member review 2026-10-04)
distinct,Moxie Bread Co,Louisville,Olde Towne Village Market,Louisville,,Different businesses; flagged only for a shared town pin or common word (Colorado Proud member review 2026-10-04)
distinct,"ECOburn, LLC",Mack,High Country Environmental Grazing,Mack,,Different businesses; flagged only for a shared town pin or common word (Colorado Proud member review 2026-10-04)
distinct,"ECOburn, LLC",Mack,Rocky Mountain Golden Fleece llc,Mack,,Different businesses; flagged only for a shared town pin or common word (Colorado Proud member review 2026-10-04)
distinct,"Herb Meadows Medicinals, LLC",Mancos,The Grasshopper Collective,Mancos,,Different businesses; flagged only for a shared town pin or common word (Colorado Proud member review 2026-10-04)
distinct,"Herb Meadows Medicinals, LLC",Mancos,Southwest Farm Fresh Harvest Shares,Mancos,,Different businesses; flagged only for a shared town pin or common word (Colorado Proud member review 2026-10-04)
distinct,Circle of 2 Ranch,Montrose,Colorado Juice Company,Montrose,,Different businesses; flagged only for a shared town pin or common word (Colorado Proud member review 2026-10-04)
distinct,Family Food Town,Palisade,Palisade Sunday Farmers' Market,Palisade,,Different businesses; flagged only for a shared town pin or common word (Colorado Proud member review 2026-10-04)
distinct,Palisade Sunday Farmers' Market,Palisade,The Stone Fruit Company LLC,Palisade,,Different businesses; flagged only for a shared town pin or common word (Colorado Proud member review 2026-10-04)
distinct,"Desert Weyr, LLC",Paonia,The Farm at the End of the Road,Paonia,,Different businesses; flagged only for a shared town pin or common word (Colorado Proud member review 2026-10-04)
distinct,Broken Gringo LLC,Parker,Funny Lil Farm,Parker,,Different businesses; flagged only for a shared town pin or common word (Colorado Proud member review 2026-10-04)
distinct,Pueblo Charcuterie,Pueblo,Pueblo Farmers Market,Pueblo,,Different businesses; flagged only for a shared town pin or common word (Colorado Proud member review 2026-10-04)
distinct,Bly Ranch,Westcliffe,Jamber Acres LLC,Westcliffe,,Different businesses; flagged only for a shared town pin or common word (Colorado Proud member review 2026-10-04)
distinct,Bly Ranch,Westcliffe,Llama Trekking by Lookin Up Outfitters,Westcliffe,,Different businesses; flagged only for a shared town pin or common word (Colorado Proud member review 2026-10-04)
distinct,Bly Ranch,Westcliffe,Busy Green Bee,Westcliffe,,Different businesses; flagged only for a shared town pin or common word (Colorado Proud member review 2026-10-04)
distinct,Elevation Meat Market,Westcliffe,Westcliffe Farmers Market,Westcliffe,,Different businesses; flagged only for a shared town pin or common word (Colorado Proud member review 2026-10-04)
distinct,Lollipop & Co.,Westcliffe,Westcliffe Farmers Market,Westcliffe,,Different businesses; flagged only for a shared town pin or common word (Colorado Proud member review 2026-10-04)
distinct,Sunflower Natural Foods,Westcliffe,Westcliffe Farmers Market,Westcliffe,,Different businesses; flagged only for a shared town pin or common word (Colorado Proud member review 2026-10-04)
distinct,Westcliffe Cheese Company,Westcliffe,Westcliffe Farmers Market,Westcliffe,,Different businesses; flagged only for a shared town pin or common word (Colorado Proud member review 2026-10-04)
distinct,Forestdale Ranch Galloways,Wetmore,Lucky Lockette Ranch LLC,Wetmore,,Different businesses; flagged only for a shared town pin or common word (Colorado Proud member review 2026-10-04)
distinct,Inti Farms,wheat ridge,Phun Bar,Wheat Ridge,,Different businesses; flagged only for a shared town pin or common word (Colorado Proud member review 2026-10-04)
distinct,Battle Creek Ranch LLC,Arvada,Jefferson County Beekeeper Association,Arvada,,Different businesses sharing a town pin (Colorado Proud member review 2026-10-04)
distinct,Beeyond the Hive,Elizabeth,Forest Trail Farm LLC,Elizabeth,,Different businesses sharing a town pin (Colorado Proud member review 2026-10-04)
distinct,Beeyond the Hive,Elizabeth,Kold Prairie Mead,Elizabeth,,Different businesses sharing a town pin (Colorado Proud member review 2026-10-04)
distinct,Busy Green Bee,Westcliffe,Llama Trekking by Lookin Up Outfitters,Westcliffe,,Different businesses sharing a town pin (Colorado Proud member review 2026-10-04)
distinct,Family Food Town,Palisade,The Stone Fruit Company LLC,Palisade,,Different businesses sharing a town pin (Colorado Proud member review 2026-10-04)
distinct,High Country Environmental Grazing,Mack,Rocky Mountain Golden Fleece llc,Mack,,Different businesses sharing a town pin (Colorado Proud member review 2026-10-04)
distinct,Lollipop & Co.,Westcliffe,Sunflower Natural Foods,Westcliffe,,Different businesses sharing a town pin (Colorado Proud member review 2026-10-04)
distinct,Northern Colorado Winters Market,Fort Collins,"S. A. Wiley Sustainable Fresh Farmed Fish Hatchery, LLC",Fort Collins,,Different businesses sharing a town pin (Colorado Proud member review 2026-10-04)
distinct,Southwest Farm Fresh Harvest Shares,Mancos,The Grasshopper Collective,Mancos,,Different businesses sharing a town pin (Colorado Proud member review 2026-10-04)
distinct,The Buffalo Rose,Golden,The Flower Shack,Golden,,Different businesses sharing a town pin (Colorado Proud member review 2026-10-04)
distinct,Forest Trail Farm LLC,Elizabeth,Kold Prairie Mead,Elizabeth,,Different businesses sharing a town pin (Colorado Proud member review 2026-10-04)
merge,Williams Family Markets,Parker,Parker Farmers Market,Parker,,Williams Family Markets is the company that runs the Parker Farmers Market (same Sunday hours; parkerchronicle.net) (review 2026-10-04)
merge,Southern Colorado Farmers Market and Craft Fair,Pueblo,Pueblo Farmers Market,Pueblo,,Earlier name of the Pueblo Farmers Market (both at Mineral Palace Park; pueblofarmersmarket.org) (review 2026-10-04)
