business_type,site_category,count
Farm / Ranch,On-Farm / Ranch Sales,286
Food Manufacturer,,243
Cottage Food,Food Maker,155
Bakery,Bakery,133
Manufacturer,,105
Retailer,,101
Wholesaler,,95
Farmers Market,Farmers' Market,65
Food Truck,,64
Farm / Roadside Stand,Roadside Market,62
Livestock Producer,On-Farm / Ranch Sales,59
Meat & Poultry Market,Meat Producer & Packer,56
Food & Beverage Service,,48
Value-Added Producer / Processor,Food Maker,47
Apiary,On-Farm / Ranch Sales,44
Farm Market,On-Farm / Ranch Sales,44
Restaurant,Restaurant,44
Specialty Food Store,Grocery Store,43
Winery,Winery,41
Coffee Shop,,34
Distributor,,33
Candy,,32
Nut & Confectionery Store,,32
Meat Packer / Processor,Meat Producer & Packer,32
Caterer,Caterer,30
Non-Profit Organization,,29
Beverage Retailer,,26
Tourism,Agritourism,24
Brewery,,21
Ag Input Supplier,,20
Distillery,,19
Merchant / Merchandiser,,19
Grocery Store,Grocery Store,19
Produce Market,Roadside Market,18
Health Supplement Store,,17
Mobile Food Stand / Cart,,16
Orchard,On-Farm / Ranch Sales,15
Wholesale Market,,13
Livestock Feeder,,12
Dairy,On-Farm / Ranch Sales,11
Mobile Food & Beverage Stand / Cart,,11
Bar / Pub / Tavern,,11
Hay / Forage Producer,,10
School / Educational Institution,,10
Frozen Custard / Ice Cream Parlor,,10
Institution / Organization,,10
Snack / Confection Shop,,9
Cheeserie,On-Farm / Ranch Sales,8
Food Service Contractor,,7
Snack & Beverage Bar,,7
Bagel / Sandwich Shop,,6
Grazer,On-Farm / Ranch Sales,5
Commissary,,4
Cooperative Grocery Store,Grocery Store,4
Cafeteria Food Service Contractor,,4
Wine Retailer,,4
Concession Service Contractor,,4
Liverstock Merchant,,4
Buyer,,3
Government Institution / Entity,,3
Fishery,On-Farm / Ranch Sales,3
Beer,,3
Wine & Liquor Store,,3
Cider Mill / Press,Agritourism,3
Cafeteria / Buffet,,3
Doughnut Shop,,3
Convenience Store,,3
Snack & Refreshment Stand,,3
Transportation & Logistics,,2
Food Bank,Food Bank,2
Packing House,,2
Beer Retailer,,2
Wine Bar,,2
Foodservice Buyer,,1
Delicatessen,,1
Faith-Based Institution / Organization,,1
Bed & Breakfast,Agritourism,1
Dude Ranch,Agritourism,1
Healthcare Institution / Organization,,1
Fish Market,,1
Hay Broker,,1
Liquor Retailer,,1
Cocktail Lounge,,1
