change,key,business_name,city,field,old,new
new,pueblo|pueblo,Pueblo Farmers Market,Pueblo,,,
new,backyard black forest in|colorado springs,Backyard Market in Black Forest,Colorado Springs,,,
new,delta|delta,Delta Farmers Market,Delta,,,
new,littleton|littleton,Downtown Littleton Farmers Market,Littleton,,,
new,fort morgan|fort morgan,Fort Morgan Farmers Market,Fort Morgan,,,
new,salida|salida,Salida Farmers Market,Salida,,,
new,creations farm rk|elizabeth,RK Creations Farm,Elizabeth,,,
new,beef cowboy cuts raised wyoming|elizabeth,Cowboy Cuts - Wyoming Raised Beef,Elizabeth,,,
new,farm roots two|basalt,Two Roots Farm,Basalt,,,
new,honey landing rock|delta,Honey Rock Landing,Delta,,,
new,7 anubis farms|akron,7 Anubis Farms,Akron,,,
new,becker produce s|merino,Becker's Produce,Merino,,,
new,berry farms patch|brighton,Berry Patch Farms,Brighton,,,
new,black canyon hydroponics|montrose,Black Canyon Hydroponics,Montrose,,,
new,boulder family farms|boulder,Boulder Family Farms,Boulder,,,
new,chimney farm rock|chimney rock,Chimney Rock Farm,Chimney Rock,,,
new,cure farm organic|boulder,Cure Organic Farm,Boulder,,,
new,farm i|durango,Farm-i,Durango,,,
new,feed forty mile|kiowa,Forty Mile Feed,Kiowa,,,
new,farms fritzler|lasalle,Fritzler Farms Inc,Lasalle,,,
new,garden sweet|fort collins,Garden Sweet,Fort Collins,,,
new,herman produce|palisade,Herman Produce,Palisade,,,
new,farm hoot howl n|boulder,Hoot 'n' Howl Farm LLC,Boulder,,,
new,family farms kovach|ft. lupton,"Kovach Family Farms, LLC",Ft. Lupton,,,
new,farms lukens|fort collins,Lukens Farms,Fort Collins,,,
new,masonville orchards|ault,Masonville Orchards,Ault,,,
new,farms may|byers,May Farms,Byers,,,
new,bros farm mills|rocky ford,Mills Bros Farm Market,Rocky Ford,,,
new,and black farms orchard ridge valley winery|paonia,Orchard Valley Farms and Black Ridge Winery,Paonia,,,
new,franks papa|denver,Papa Franks,Denver,,,
new,farm plowshares|longmont,Plowshares Community Farm,Longmont,,,
new,produce rovegno s|avondale,Rovegno's Produce,Avondale,,,
new,gardens scarecrow|greeley,Scarecrow Gardens,Greeley,,,
new,farm friend ly|olathe,The Friend-ly Farm,Olathe,,,
new,veggiescapes|boulder,Veggiescapes,Boulder,,,
new,produce virgil|pueblo,Virgil Produce,Pueblo,,,
new,orchard s z|palisade,Z's Orchard,Palisade,,,
new,and farm garden zephyros|paonia,Zephyros Farm and Garden,Paonia,,,
new,fresh s zweck|longmont,Zweck's Fresh,Longmont,,,
new,family keelor ranch|colorado springs,Keelor Family Ranch,Colorado Springs,,,
new,farms inti|arvada,Inti Farms,Arvada,,,
new,farms uncompahgre|montrose,Uncompahgre Farms,Montrose,,,
new,bluetrane farm heritage|elbert,BlueTrane Heritage Farm,Elbert,,,
new,farm greens sunshine|colorado springs,Sunshine Greens Farm,Colorado Springs,,,
new,farms micro|arvada,Micro Farms,Arvada,,,
new,borden farms|delta,"Borden Farms, LLC",Delta,,,
new,farm miraflora|boulder,Miraflora Farm,Boulder,,,
new,farm star view|co 80513,Star View Farm,CO 80513,,,
new,acres farm sunflower|longmont,Sunflower Farm Acres,Longmont,,,
new,farm songhaven|cahone,SongHaven Farm,Cahone,,,
new,crescendum farm flower|arvada,Crescendum Flower Farm,Arvada,,,
new,bonavida growers|longmont,Bonavida Growers,Longmont,,,
new,farm grace hill|nunn,Grace Hill Farm LLC,Nunn,,,
new,farms hillbilly|colorado springs,Hillbilly Farms,Colorado Springs,,,
new,farms homestead|aurora,Homestead Farms Co.,Aurora,,,
new,catcher farms ldt sun|brighton,Sun Catcher Farms Ldt.,Brighton,,,
new,farms hope|fort collins,Hope Farms,Fort Collins,,,
new,farm highwater|silt,Highwater Farm,Silt,,,
new,creek dooley farm|carbondale,Dooley Creek Farm,Carbondale,,,
new,ahavah farm|peyton,Ahavah Farm,Peyton,,,
new,farm indian ridge|norwood,Indian Ridge Farm,Norwood,,,
new,donkey farm fat|fort collins,Fat Donkey Farm,Fort Collins,,,
new,microfarm sandys way|sedalia,Sandys Way Microfarm,Sedalia,,,
new,gina marcell|salida,Gina Marcell,Salida,,,
new,farms tpb|elizabeth,TPB Farms,Elizabeth,,,
new,bonverts farm|denver,Bonverts Farm,Denver,,,
new,settings sustainable|carbondale,Sustainable Settings,Carbondale,,,
new,beet farm off|boulder,Off Beet Farm,Boulder,,,
new,ladymoon org|livermore,LadyMoon.Org,Livermore,,,
new,belafonte farm|fort collins,Belafonte Farm,Fort Collins,,,
new,aquaponics emerge|colorado springs,Emerge Aquaponics,Colorado Springs,,,
new,farmstead green junction|clifton,Green Junction Farmstead,Clifton,,,
new,farm homegrown|bayfield,Homegrown Farm,Bayfield,,,
new,farm kilt|longmont,Kilt Farm,Longmont,,,
new,farm greens lost|denver,Lost Greens Farm,Denver,,,
new,barrel blue farm|fort collins,Blue Barrel Farm,Fort Collins,,,
new,and bakery csa eden from roots|loma,Roots From Eden CSA Market and Bakery,Loma,,,
new,aspen farm moon|longmont,Aspen Moon Farm LLC,Longmont,,,
new,dba food foundation fresh fresh hub|norwood,Fresh Foundation - DBA Fresh Food Hub,Norwood,,,
new,food power to|colorado springs,Food to Power,Colorado Springs,,,
new,action center food hub|lakewood,The Action Center Community Food Hub,Lakewood,,,
new,food hub rekaivery|fort collins,Rekaivery Food Hub,Fort Collins,,,
new,aromatics|unit 220 longmont,Colorado Aromatics,Unit 220 Longmont,,,
new,kids ranch|monument,Colorado Kids Ranch,Monument,,,
new,gardens growing|boulder,Growing Gardens,Boulder,,,
new,james ranch|durango,James Ranch,Durango,,,
new,alpacas and fibers living water|craig,Living Water Fibers and Alpacas,Craig,,,
new,ranch s tuff|bennett,Tuff's Ranch,Bennett,,,
new,green mountain ranch|,Green Mountain Ranch,,,,
new,heckman hollow|fowler,Heckman Hollow,Fowler,,,
new,johnnys pick u uncle|cedaredge,Uncle Johnnys U-pick,Cedaredge,,,
new,dairy five freedoms|longmont,Five Freedoms Dairy,Longmont,,,
